x1,x2,x3,x4,u
2.1163338910907646e-05,-1.4108892607271758e-05,0.0,0.0,4.638386171751746
2.1163338910907646e-05,-1.4108892607271758e-05,0.0066933579892278225,-0.012430818568501669,4.261397776459274
8.809691880318587e-05,-0.00013841707829228845,0.012838310988205636,-0.023839619058719737,3.913232473042407
0.00021648002868524224,-0.00037681326887948583,0.018471503152344325,-0.03429233448445082,3.5929831438076767
0.0004011950602086855,-0.000719736613723994,0.023628681484697826,-0.043853411294225576,3.299665499608172
0.0006374818750556637,-0.0011582707266662498,0.028344556096113083,-0.05258553770980668,3.0322342885651956
0.0009209274360167946,-0.0016841261037643168,0.032652684826579154,-0.06054941786624475,2.78959795234179
0.001247454284282586,-0.0022896202824267643,0.03658538000467951,-0.06780358757112182,2.5706318214697372
0.001613308084329381,-0.0029676561581379827,0.04017363525846444,-0.07440426777336318,2.3741899389654995
0.0020150444369140255,-0.0037116988358716144,0.043447070421263286,-0.08040525208822581,2.1991155990565083
0.0024495151411266583,-0.004515751356753872,0.04643389270026311,-0.08585782496612628,2.044250685306654
0.0029138540681292895,-0.005374329606415135,0.04916087239444544,-0.09081070732025828,1.908443889800154
0.003405462792073744,-0.006282436679617718,0.051653331562049994,-0.09531002664282522,1.7905578923298835
0.003921996107694244,-0.00723553694604597,0.05393514414644775,-0.09939930884340357,1.689475575747863
0.004461347549158721,-0.008229530034480006,0.05602874617343313,-0.10311948923652038,1.6041053507826986
0.005021635010893052,-0.00926072492684521,0.05795515473271568,-0.10650894028986024,1.5333856607151428
0.005601186558220209,-0.010325814329743811,0.059733994551980384,-0.10960351392032233,1.4762887333387464
0.006198526503740013,-0.011421849468947035,0.06138353106342365,-0.11243659629297384,1.4318236446282742
0.006812361814374249,-0.012546215431876773,0.0629207089502526,-0.11503917323820971,1.3990387555003796
0.007441568903876775,-0.01369660716425887,0.06436119524431712,-0.11743990455541736,1.3770235799954178
0.008085180856319946,-0.014871006209813045,0.06571942612586953,-0.11966520561737086,1.3649101401427342
0.008742375117578641,-0.016067658265986752,0.06700865665243634,-0.12173933482857136,1.361873859714677
0.009412461684103006,-0.017285051614272465,0.06824101271596444,-0.12368448562291166,1.3671340460307864
0.010094871811262649,-0.01852189647050158,0.06942754459578154,-0.12552088181142385,1.3799540059641886
0.010789147257220464,-0.019777105288615822,0.07057828153951151,-0.12726687520952945,1.3996408393364534
0.011494930072615579,-0.021049774040711115,0.07170228686494075,-0.12893904458520275,1.4255449499752202
0.012211952941264986,-0.022339164486563142,0.072807713132976,-0.13055229507483282,1.457059311866172
0.012940030072594746,-0.02364468743731147,0.07390185699532353,-0.13211995731241175,1.4936185250651102
0.013679048642547981,-0.024965887010435586,0.07499121337041681,-0.13365388561007743,1.5346976933552197
0.014428960776252149,-0.02630242586653636,0.07608152864750166,-0.13516455461411628,1.579811153049949
0.015189776062727166,-0.027654071412677523,0.07717785266174641,-0.13666115394042677,1.6285110798561957
0.01596155458934463,-0.02902068295208179,0.07828458922287851,-0.13815168036731887,1.680385998336799
0.016744400481573416,-0.03040219975575498,0.07940554501627718,-0.1396430272315695,1.735059216240229
0.01753845593173619,-0.03179863002807068,0.0805439767287862,-0.14114107073605842,1.7921872038146145
0.018343895699024053,-0.03321004073543126,0.08170263628189106,-0.1426507529343098,1.8514579361823988
0.019160922061842965,-0.03463654826477436,0.08288381408245865,-0.14417616120907903,1.912589214931269
0.01998976020266755,-0.036078309876865146,0.0840893802261097,-0.1457206041090092,1.9753269832704232
0.02083065400492865,-0.03753551591795524,0.08532082361062526,-0.1472866834495788,2.039443647411358
0.021683862241034902,-0.039008382752451026,0.0865792889367246,-0.1488763626223351,2.104736415255623
0.02254965513040215,-0.040497146378674374,0.08786561159123762,-0.15049103109001222,2.171025662007948
0.023428311246314525,-0.0420020566895745,0.08918035042327568,-0.15213156507483117,2.238153330976397
0.02432011475054728,-0.04352337234032281,0.09052381843762215,-0.1537983844733285,2.305981376570293
0.025225352934923503,-0.04506135618505609,0.09189611144135765,-0.15549150605371015,2.3743902553587724
0.026144314049337078,-0.04661627124559319,0.09329713468984421,-0.1572105930112359,2.4432774700005107
0.02707728539623552,-0.04818837717570555,0.09472662758674559,-0.15895500097373957,2.512556169898129
0.028024551672102976,-0.049777927185442945,0.09618418649988927,-0.16072382056332118,2.5821538115603673
0.02898639353710187,-0.051385165391076154,0.09766928576059782,-0.1625159166317299,2.652010880873208
0.029963086394707846,-0.053010324557393455,0.09918129691875609,-0.1643299642962149,2.7220796787728228
0.030954899363895408,-0.054653624200355605,0.10071950632943981,-0.16616448190984748,2.792323171186075
0.03196209442718981,-0.05631526901945408,0.1022831311495236,-0.16801786110572103,2.862713903544668
0.03298492573868504,-0.05799544763051129,0.10387133382440897,-0.16988839405819428,2.9332329796833276
0.03402363907692913,-0.05969433157109323,0.10548323514595566,-0.17177429810662542,3.0038691045036767
0.035078471428388686,-0.06141207455215949,0.10711792596295938,-0.17367373788802926,3.0746176894069146
0.03614965068801828,-0.06314881193103979,0.10877447762516734,-0.17558484512491032,3.1454800191775667
0.037237395464269955,-0.06490466038228888,0.11045195124094416,-0.17750573621333848,3.2164624787267515
0.038341914976679395,-0.06667971774442227,0.11214940582736307,-0.17943452775426655,3.287575837871983
0.039463409034953024,-0.06847406302196495,0.11386590542976316,-0.18136935016825967,3.3588345921443006
0.040602068089250654,-0.07028775652364755,0.115600525285749,-0.18330835953033658,3.4302563574593328
0.04175807334210814,-0.07212084011895091,0.11735235710626335,-0.18524974775760425,3.501861316372953
0.04293159691317077,-0.07397333759652695,0.11912051354379187,-0.18719175127790544,3.5736717135528346
0.04412280204860869,-0.07584525510930601,0.12090413191500332,-0.18913265830287024,3.6457113980389475
0.04533184336775872,-0.07773658169233472,0.12270237724223482,-0.1910708148236547,3.7180054098283106
0.04655886714018107,-0.07964728984057126,0.12451444467523232,-0.1930046294423237,3.790579608305757
0.0478040115869334,-0.0815773361349945,0.12633956135148863,-0.1949325771463599,3.8634603400491017
0.04906740720044828,-0.0835266619064581,0.1281769877504154,-0.19685320212821647,3.936674143556089
0.05034917707795244,-0.08549519392774027,0.13002601859346383,-0.1987651197462159,4.010247488480271
0.05164943726388708,-0.08748284512520244,0.13188598333920157,-0.200667017717493,4.0842065470090585
0.05296829709727909,-0.08948951530237736,0.13375624631927313,-0.20255765662810776,4.158576995080217
0.05430585956047183,-0.09151509186865844,0.1356362065581457,-0.20443586983996584,4.233383841197982
0.05566222162605328,-0.0935594505670581,0.13752529731657379,-0.20630056286879003,4.308651280691529
0.05703747459921902,-0.095622456195746,0.1394229853958345,-0.20815071230213522,4.3844025733351915
0.058431704453177365,-0.09770396331876735,0.14132877023698331,-0.20998536432132514,4.460659942341044
0.0598449921555472,-0.0998038169619806,0.14324218284668108,-0.2118036328862539,4.537444492824028
0.06127741398401401,-0.10192185329084313,0.14516278457854886,-0.2136046976372412,4.614776147930824
0.0627290418297995,-0.10405790026721555,0.1470901657965184,-0.21538780156356427,4.6926736009211325
0.06419994348776469,-0.1062117782828512,0.1490239444442779,-0.2171522484839347,4.771154281583494
0.06569018293220746,-0.10838330076769054,0.15096376454265825,-0.21889740038003758,4.850234335462561
0.06719982057763405,-0.11057227477149091,0.15290929463466862,-0.22062267462031243,4.929928614471117
0.06872891352398074,-0.11277850151769403,0.154860226195879,-0.2223275411074361,5.010250677550547
0.07027751578593952,-0.1150017769287684,0.1568162720259476,-0.22401151937945835,5.091212800136431
0.071845678506199,-0.11724189212256297,0.15877716463531674,-0.2256741756912488,5.172825991275407
0.07343345015255216,-0.11949863387947546,0.16074265463943954,-0.22731512009983426,5.255100017322983
0.07504087669894656,-0.1217717850804738,0.16271250917135255,-0.22893400357432592,5.338043431239148
0.07666800179066008,-0.12406112511621706,0.16468651032197495,-0.23053051514846895,5.4216636065766215
0.07831486689387983,-0.12636643026770175,0.1666644536161884,-0.23210437913136925,5.5059667753332215
0.07998151143004172,-0.12868747405901546,0.16864614653152651,-0.23365535238966598,5.590958068916895
0.08166797289535697,-0.13102402758291212,0.17063140706518432,-0.23518322171232314,5.6766415615360994
0.08337428696600882,-0.13337585980003536,0.17262006235402647,-0.23668780126728028,5.763020315401042
0.08510048758954908,-0.13574273781270815,0.17461194735134325,-0.23816893015745422,5.850096427178145
0.0868466070630625,-0.1381244271142827,0.17660690356325118,-0.23962647008198043,5.937871075204202
0.08861267609869501,-0.1405206918151025,0.17860477784687437,-0.2410603031071458,6.026344567017373
0.09039872387716376,-0.14293129484617395,0.180605421271752,-0.24247032955015857,6.11551638681797
0.09220477808988128,-0.14535599814167555,0.18260868804530647,-0.2438564659777419,6.205385242517393
0.09403086497033435,-0.14779456280145298,0.18461443450266068,-0.24521864332049906,6.295949112079473
0.09587700931536096,-0.15024674923465797,0.18662251816061243,-0.2465568051030801,6.387205288900588
0.09774323449696708,-0.15271231728568876,0.18863279683515474,-0.2478709057893773,6.479150426010951
0.09962956246531862,-0.15519102634358253,0.1906451278215637,-0.2491609092412699,6.571780578917443
0.10153601374353426,-0.15768263543599523,0.19265936713576431,-0.25042678728883605,6.665091246937792
0.1034626074148919,-0.16018690330888358,0.19467536881541697,-0.25166851840942867,6.7590774129068185
0.10540936110304606,-0.16270358849297786,0.19669298427894527,-0.25288608651257727,6.8537335811610545
0.10737629094583552,-0.16523244935810363,0.19871206174054207,-0.25407947982731305,6.94905381373309
0.10936341156324095,-0.16777324415637676,0.20073244567904552,-0.2552486898882231,7.04503176470626
0.1113707360200314,-0.170325731055259,0.20275397635846018,-0.2563937106163023,7.141660712702337
0.11339827578361601,-0.172889668161422,0.20477648939781562,-0.25751453749049813,7.238933591490556
0.11544604067759417,-0.17546481353632698,0.2067998153879976,-0.25861116680571594,7.336843018719602
0.11751403883147415,-0.17805092520438415,0.2088237795531494,-0.25968359501296634,7.435381322791173
0.11960227662700565,-0.1806477611545138,0.21084820145423075,-0.2607318181372986,7.534540567901987
0.12171075864154796,-0.1832550793358868,0.21287289473232548,-0.2617558312691548,7.634312577292007
0.12383948758887121,-0.18587263764857836,0.21489766688931028,-0.2627556281248019,7.734688954745163
0.1259884642577643,-0.1885001939298264,0.2169223191035323,-0.2637312006715521,7.835661104395717
0.12815768744879963,-0.1911375059365419,0.21894664607819114,-0.2646825388135534,7.937220248898776
0.13034715390958154,-0.19378433132467746,0.22097043592017726,-0.26560963013402694,8.039357446028879
0.13255685826878333,-0.19644042762601774,0.22299347004718606,-0.26651245968993825,8.142063603772412
0.1347867929692552,-0.19910555222291712,0.22501552312099776,-0.26739100985521014,8.245329493985544
0.13703694820046516,-0.20177946232146923,0.22703636300489452,-0.2682452602087255,8.349145764686876
0.13930731183051412,-0.20446191492355648,0.22905575074326606,-0.269075187463506,8.453502951059065
0.14159786933794677,-0.20715266679819153,0.231073440561543,-0.2698807654336062,8.558391485230977
0.1439086037435622,-0.20985147445252758,0.23308917988468353,-0.2706619650354155,8.663801704914803
0.14623949554240903,-0.21255809410288173,0.2351027093725301,-0.2714187543202208,8.769723860968378
0.14859052263613434,-0.21527228164608395,0.23711376297044026,-0.272151098535036,8.876148123955504
0.15096166026583874,-0.2179937926314343,0.23912206797368693,-0.2728589602088707,8.983064589772939
0.15335288094557561,-0.22072238223352303,0.24112734510421135,-0.27354229926176243,9.090463284411632
0.15576415439661773,-0.22345780522614064,0.24312930859839768,-0.27420107313405484,9.198334167919048
0.1581954474826017,-0.2261998159574812,0.24512766630462537,-0.27483523693355677,9.306667137625043
0.16064672414564796,-0.22894816832681678,0.24712211978943696,-0.2754447435983662,9.415452030692762
0.16311794534354232,-0.23170261576280043,0.24911236445123905,-0.27602954407328567,9.524678626053733
0.16560906898805472,-0.2344629112035333,0.2510980896405333,-0.2765895874978993,9.634336645781739
0.16812004988446005,-0.2372288070785123,0.25307897878574626,-0.27712482140451067,9.744415755959675
0.1706508396723175,-0.2400000552925574,0.25505470952379966,-0.27763519192427394,9.854905567089475
0.1732013867675555,-0.24277640721180016,0.2570249538346308,-0.27812064399997083,9.96579563409347
0.1757716363059018,-0.24555761365179987,0.2589893781789372,-0.2785811216040065,10.077075455950146
0.17836153008769118,-0.24834342486783995,0.2609476436384784,-0.2790165679603023,10.188734475009198
0.18097100652407597,-0.25113359054744294,0.26289940605833045,-0.27942692576887523,10.300762076023688
0.18360000058465928,-0.2539278598051317,0.26484431619053883,-0.2798121374319897,10.413147584936496
0.18624844374656466,-0.2567259811794516,0.2667820198386679,-0.280172145280858,10.52588026745675
0.18891626394495134,-0.2595277026322602,0.26871215800279474,-0.2805068918019598,10.638949327456569
0.1916033855249793,-0.2623327715502798,0.27063436702453725,-0.28081631986212535,10.752343905219345
0.19430972919522466,-0.26514093474890105,0.27254827873174986,-0.2811003729316085,10.86605307556594
0.19703521198254215,-0.26795193847821713,0.2744535205825584,-0.2813589953044437,10.98006584588597
0.19977974718836772,-0.27076552843126156,0.2763497158084429,-0.2815921323154509,11.094371154095143
0.20254324434645216,-0.27358144975441606,0.27823648355610814,-0.2817997305533081,11.208957866542443
0.20532560918201323,-0.2763994470599491,0.28011343902791497,-0.2819817380691734,11.323814775885447
0.20812674357229238,-0.2792192644406409,0.2819801936206727,-0.28213810458038674,11.438930598953162
0.21094654550849912,-0.28204064548644475,0.28383635506261984,-0.2822687816688338,11.554293974611317
0.2137849090591253,-0.28486333330313307,0.28568152754844284,-0.28237372297359514,11.669893461647032
0.21664172433460974,-0.287687070532869,0.28751531187220786,-0.28245288437754884,11.785717536685093
0.21951687745333182,-0.2905115993766445,0.28933730555809745,-0.2825062241876289,11.901754592150002
0.22241025050891278,-0.2933366616185208,0.2911471029888657,-0.2825337033084817,12.0179929342834
0.22532172153880142,-0.2961619986516056,0.29294429553194035,-0.282535285409289,12.134420781228945
0.22825116449412083,-0.2989873515056985,0.29472847166311744,-0.2825109370835603,12.251026261193942
0.231198449210752,-0.30181246087653407,0.29649921708780874,-0.2824606280017247,12.367797410694841
0.2341634413816301,-0.3046370671565513,0.2982561148598134,-0.2823843310563734,12.484722172897289
0.23714600253022822,-0.30746091046711505,0.29999874549760114,-0.2822820225000335,12.601788396055285
0.24014598998520423,-0.3102837306921154,0.30172668709810146,-0.28215368207537117,12.718983832057864
0.24316325685618526,-0.3131052675128691,0.3034395154480069,-0.2819992931377441,12.836296135088974
0.24619765201066532,-0.3159252604442465,0.3051368041326068,-0.28181884277004265,12.953712860406366
0.2492490200519914,-0.31874344887194694,0.30681812464217717,-0.2816123218897775,13.071221463244447
0.2523172012984132,-0.32155957209084474,0.3084830464759606,-0.28137972534838585,13.18880929784614
0.2554020317631728,-0.3243733693443286,0.3101311372437775,-0.28112105202274645,13.30646361662933
0.2585033431356106,-0.32718457986455607,0.31176196276531964,-0.28083630489890965,13.424171569490976
0.2616209627632638,-0.32999294291354514,0.3133750871671805,-0.2805254911480605,13.541920203253754
0.2647547136349356,-0.33279819782502573,0.31497007297768626,-0.28018862219474866,13.659696461259587
0.26790441436471246,-0.3356000840469732,0.3165464812195971,-0.2798257137774322,13.77748718311309
0.27106987917690845,-0.33839834118474754,0.31810387150075364,-0.27943678600139477,13.895279104579942
0.27425091789191597,-0.3411927090447615,0.3196418021027504,-0.2790218633841098,14.013058857642006
0.27744733591294346,-0.3439829276786026,0.3211598300677228,-0.27858097489313405,14.130812970714782
0.2806589342136207,-0.34676873742753395,0.3226575112833407,-0.27811415397662975,14.24852786902997
0.2838855093264541,-0.3495498789673002,0.3241344005661066,-0.2776214385866239,14.366189875185263
0.2871268533321152,-0.35232609335316645,0.3255900517430607,-0.2771028711951227,14.483785209866891
0.2903827538495458,-0.3550971220651177,0.3270240177320014,-0.2765584988032143,14.601299992747606
0.29365299402686584,-0.3578627070531498,0.32843585062033503,-0.27598837294330353,14.718720243561759
0.2969373525330692,-0.36062259078258285,0.32982510174267105,-0.27539254967462856,14.836031883363692
0.3002356035504959,-0.36337651627932915,0.331191321757287,-0.274771089572228,14.953220735970175
0.30354751676806874,-0.36612422717505144,0.33253406072158925,-0.2741240577095302,15.07027252959096
0.30687285737528464,-0.36886546775214674,0.33385286816670084,-0.27345152363475006,15.187172898650607
0.31021138605695164,-0.3715999829884942,0.33514729317131253,-0.27275356134128903,15.303907385804846
0.31356285898866476,-0.3743275186019071,0.33641688443493706,-0.27203024923234226,15.420461444153476
0.31692702783301413,-0.3770478210942305,0.33766119035070935,-0.2712816700799269,15.536820439652887
0.3203036397365212,-0.3797606377950298,0.3388797590778801,-0.2705079109785524,15.652969653732207
0.3236924373273,-0.3824657169048153,0.34007213861415425,-0.26970906329376826,15.768894286113193
0.3270931587134416,-0.38516280753775295,0.3412378768680274,-0.2688852226058237,15.884579457838669
0.33050553748212186,-0.3878516597638112,0.34237652173127775,-0.2680364886486911,16.000010214509793
0.33392930269943466,-0.3905320246502981,0.34348762115177245,-0.2671629652447041,16.115171529735367
0.3373641789109524,-0.3932036543027452,0.3445707232067512,-0.26626476023507367,16.230048308794817
0.3408098861430199,-0.3958663019050959,0.34562537617675115,-0.26534198540654924,16.344625392515308
0.3442661399047874,-0.3985197217591614,0.346651128620338,-0.2643947564144964,16.458887561367128
0.3477326511909908,-0.4011636693233064,0.34764752944981325,-0.2634231927026732,16.57281953977395
0.3512091264854889,-0.4037979012503331,0.34861412800806285,-0.2624274174199821,16.686406000643245
0.35469526776556953,-0.4064221754245329,0.3495504741467188,-0.26140755733448734,16.79963157011477
0.35819077250703674,-0.40903625099787777,0.35045611830580253,-0.26036374274498686,16.91248083252725
0.36169533369009477,-0.4116398884253276,0.3513306115950189,-0.2592961073904274,17.02493833560505
0.36520863980604495,-0.4142328494992319,0.35217350587687113,-0.25820478835746036,17.13698859586069
0.3687303748648137,-0.41681489738280647,0.35298435385176213,-0.257089925986426,17.24861610421682
0.3722602184033313,-0.4193857966426707,0.3537627091452513,-0.25595166377606654,17.359805331841635
0.3757978454947838,-0.4219453132804314,0.35450812639762885,-0.2547901482872552,17.47054073619964
0.3793429267587601,-0.4244932147633039,0.35522016135597134,-0.253605529046036,17.580806767313156
0.3828951283723198,-0.4270292700537643,0.3558983709688367,-0.2523979584462616,17.6905878742332
0.3864541120820082,-0.4295532496382269,0.35654231348375465,-0.25116759165211533,17.799868511715854
0.39001953521684574,-0.432064925554748,0.357151548547664,-0.24991458650079823,17.908633147100524
0.39359105070232236,-0.434564071419756,0.357725637310444,-0.24863910340565704,18.016866267386572
0.39716830707542683,-0.43705046245381257,0.35826414253168193,-0.2473413052600243,18.124552386502955
0.40075094850074366,-0.4395238755064128,0.3587666286908142,-0.2460213573420339,18.231676052765714
0.4043386147876518,-0.44198408907983316,0.35923266210077015,-0.24467942722066754,18.33822185651718
0.40793094140865954,-0.44443088335203984,0.35966181102524203,-0.24331568466327808,18.44417443794173
0.41152755951891196,-0.4468640401986726,0.36005364579969884,-0.2419303015448295,18.54951849504973
0.4151280959769089,-0.4492833432141209,0.3604077389562511,-0.24052345175907913,18.654238791822852
0.41873217336647145,-0.45168857773171167,0.36072366535246686,-0.2390953111319186,18.758320166512206
0.42233941001999614,-0.4540795308430309,0.3610010023042292,-0.23764605733707642,18.861747540081186
0.42594942004303843,-0.45645599141640164,0.3612393297227176,-0.2361758698143742,18.96450592478136
0.4295618133402656,-0.4588177501145454,0.36143823025558064,-0.23468492969070878,19.066580432854217
0.4331761956428214,-0.4611645994114525,0.3615972894323625,-0.23317341970392508,19.167956285344527
0.43679216853714503,-0.46349633360849174,0.3617160958142279,-0.23164152412971983,19.268618821017846
0.4404093294952873,-0.46581274884978896,0.36179424114802394,-0.23008942871170995,19.36855350536392
0.44402727190676755,-0.46811364313690607,0.36183132052469674,-0.22851732059476643,19.467745939678807
0.4476455851120145,-0.47039881634285374,0.36182693254207415,-0.22692538826171027,19.566181870207355
0.4512638544374353,-0.47266807022547086,0.36178067947200593,-0.22531382147343618,19.66384719733294
0.45488166123215534,-0.47492120844020524,0.3616921674318395,-0.2236828112125119,19.76072798479922
0.4584985829064737,-0.47715803655233036,0.36156100656019374,-0.2220325496302804,19.856810468944897
0.4621141929720757,-0.47937836204863316,0.3613868111969728,-0.22036322999746133,19.95208106793728
0.4657280610840454,-0.48158199434860777,0.3611692000675488,-0.2186750466582322,20.04652639098354
0.4693397530847209,-0.4837687448151901,0.36090779647102,-0.216968194987736,20.140133247499726
0.47294883104943114,-0.4859384267650675,0.3606022284724292,-0.2152428713529334,20.232888656220755
0.4765548533341554,-0.4880908554785968,0.3602521290988137,-0.21349927307669736,20.324779854224012
0.4801573746251436,-0.49022584820936377,0.3598571365389265,-0.2117375984050035,20.415794305850074
0.48375594599053284,-0.4923432241934138,0.35941689434645424,-0.2099580464770513,20.50591971148949
0.4873501149339974,-0.4944428046581843,0.3589310516465249,-0.20816081729810085,20.59514401621776
0.49093942545046265,-0.49652441283116533,0.3583992633452807,-0.2063461117147907,20.68345541824711
0.4945234180839155,-0.4985878739483132,0.3578211903422603,-0.2045141313926524,20.770842377167362
0.4981016299873381,-0.5006330152622398,0.35719649974530426,-0.20266507879549797,20.85729362195135
0.5016735949847911,-0.5026596660501947,0.35652486508767717,-0.20079915716632485,20.94279815868784
0.505238843635668,-0.504667657621858,0.35580596654705765,-0.19891657050932351,21.027345278015716
0.5087969033011386,-0.5066568233269512,0.3550394911660244,-0.19701752357253968,21.11092456222133
0.5123472982127988,-0.5086269985626766,0.3542251330736263,-0.19510222183068382,21.193525891968555
0.515889549543535,-0.5105780207809834,0.35336259370759465,-0.19317087146753922,21.27513945261944
0.519423175480611,-0.5125097294956588,0.3524515820367113,-0.19122367935735393,21.355755740112638
0.5229476913009781,-0.5144219662892323,0.35149181478281555,-0.1892608530445575,21.435365566353575
0.5264626094488062,-0.5163145748196779,0.35048301664188325,-0.1872826007210702,21.51396006408126
0.529967439615225,-0.5181874008268886,0.3494249205035777,-0.185289131200425,21.59153069116092
0.5334616888202608,-0.5200402921388929,0.34831726766861865,-0.183280653887841,21.668069234262177
0.536944861496947,-0.5218730986777713,0.3471598080632756,-0.1812573787453295,21.74356781187346
0.5404164595775798,-0.5236856724652246,0.3459523004502401,-0.17921951625083773,21.818018876602522
0.5438759825820821,-0.525477867627733,0.3446945126350807,-0.1771672773503583,21.891415216712026
0.5473229277084329,-0.5272495404012365,0.3433862216674311,-0.17510087340185307,21.96374995683839
0.5507567899251072,-0.5290005491352551,0.34202721403600933,-0.1730205161097622,22.035016557837064
0.5541770620654674,-0.5307307542963527,0.34061728585650686,-0.17092641744877898,22.105208815697353
0.5575832349240324,-0.5324400184708405,0.33915624305132663,-0.1688187895754822,22.1743208594675
0.5609747973545457,-0.5341282063665954,0.3376439015200893,-0.16669784472632504,22.24234714813078
0.5643512363697466,-0.5357951848138587,0.3360800872997635,-0.16456379510038707,22.309282466367506
0.5677120372427442,-0.5374408227648626,0.3344646367132109,-0.16241685272519069,22.375121919139342
0.5710566836098763,-0.5390649912921145,0.33279739650486717,-0.16025722930378383,22.439860925031628
0.574384657574925,-0.5406675635851523,0.3310782239622173,-0.15808513604118857,22.503495208282228
0.5776954398145472,-0.5422484149455642,0.32930698702164585,-0.15590078344819866,22.56602078943204
0.5809885096847637,-0.5438074227800462,0.32748356435717735,-0.1537043811204081,22.62743397452518
0.5842633453283355,-0.5453444665912504,0.32560784545054744,-0.15149613749023522,22.687731342788176
0.5875194237828409,-0.5468594279661527,0.3236797306409715,-0.14927625954959414,22.746909732716748
0.5907562210892506,-0.5483521905616486,0.32169913115290416,-0.1470449525407505,22.804966226498436
0.5939732124007797,-0.5498226400870562,0.31966596910000955,-0.14480241961278284,22.861898132700734
0.5971698720917799,-0.5512706642831839,0.3175801774634909,-0.1425488614409601,22.917702967150227
0.6003456738664148,-0.5526961528975936,0.31544170004285066,-0.14028447580622397,22.972378431936743
0.6035000908668433,-0.5540989976556558,0.3132504913770886,-0.1380094571318632,23.02592239247091
0.6066325957806142,-0.5554790922269744,0.31100651663427115,-0.13572399597435197,23.078332852529837
0.609742660946957,-0.556836332186718,0.30870975146734386,-0.13342827846522426,23.129607927227923
0.6128297584616303,-0.5581706149713702,0.3063601818339967,-0.13112248570075896,23.179745813850403
0.6158933602799703,-0.5594818398283778,0.3039578037783334,-0.128806793076156,23.228744760497865
0.6189329383177536,-0.5607699077591394,0.30150262317204984,-0.12648136956081066,23.27660303248769
0.6219479645494741,-0.5620347214547475,0.29899465541277936,-0.12414637691121493,23.323318876472413
0.6249379111036019,-0.5632761852238597,0.2964339250772318,-0.12180196881796639,23.368890482234587
0.6279022503543742,-0.5644942049120394,0.2938204655267234,-0.11944828998331426,23.413315942138507
0.6308404550096415,-0.5656886878118725,0.291154318462691,-0.11708547512566649,23.45659320821217
0.6337519981942684,-0.5668595425631292,0.28843553342977163,-0.1147136479074579,23.498720046863237
0.6366363535285662,-0.5680066790422038,0.2856641672640554,-0.11233291978282212,23.539693991232962
0.6394929952012067,-0.569130008240032,0.28284028348414625,-0.10994338876154935,23.579512291212065
0.6423213980360482,-0.5702294421276475,0.27996395162271764,-0.10754513808589494,23.618171861162235
0.6451210375522753,-0.5713048935085064,0.27703524649632894,-0.10513823481692557,23.655669225401294
0.6478913900172386,-0.5723562758566757,0.2740542474113628,-0.10272272832724164,23.69200046153316
0.6506319324913522,-0.5733835031399481,0.2710210373040701,-0.10029864869711344,23.72716114173327
0.653342142864393,-0.5743864896269193,0.267935701812872,-0.09786600501132864,23.76114627211488
0.6560214998825217,-0.5753651496770326,0.26479832828124933,-0.0954247835543377,23.793950230345963
0.6586694831653341,-0.576319397512576,0.2616090046897877,-0.09297494590166606,23.82556670170611
0.661285573212232,-0.5772491469715927,0.2583678185162091,-0.09051642690598197,23.855988613814418
0.6638692513973942,-0.5781543112406525,0.25507485552253506,-0.08804913257671639,23.88520807029944
0.6664199999526195,-0.5790348025664197,0.2517301984688916,-0.08557293785272084,23.913216283720697
0.6689373019373084,-0.5798905319449469,0.24833392575388083,-0.08308768426811709,23.940003508100403
0.6714206411948472,-0.580721408787628,0.24488610998191782,-0.08059317751226294,23.96555897147319
0.6738695022946665,-0.5815273405627507,0.24138681645846902,-0.07808918488562884,23.98987080891665
0.6762833704592511,-0.582308232411607,0.23783610161473434,-0.07557543265436546,24.012925996583927
0.6786617314753984,-0.5830639867381506,0.23423401136399352,-0.07305160330744738,24.03471028732076
0.6810040715890384,-0.5837945027712251,0.23058057939259297,-0.0705173327215094,24.055208148521633
0.6833098773829643,-0.5844996760984402,0.22687582538939446,-0.06797220723987432,24.074402702949364
0.6855786356368583,-0.585179398170839,0.22311975321844016,-0.06541576067379613,24.092275673317797
0.6878098331690427,-0.5858335557775769,0.21931234904061356,-0.06284747123562388,24.108807331525874
0.6900029566594488,-0.5864620304899332,0.21545357939121346,-0.06026675841545813,24.123976453517194
0.6921574924533609,-0.5870646980740878,0.21154338922160082,-0.057672979814915815,24.137760280826743
0.6942729263455769,-0.5876414278722369,0.20758169991443018,-0.055065427953845246,24.1501344899854
0.6963487433447212,-0.5881920821517754,0.2035684072834647,-0.05244332706828686,24.16107317104793
0.6983844274175558,-0.5887165154224583,0.19950337957057862,-0.04980582992062732,24.170548816622244
0.7003794612132616,-0.5892145737216645,0.19538645545429476,-0.04715201464578049,24.17853232289799
0.7023333257678045,-0.5896860938681223,0.19121744208609745,-0.044480881660368406,24.18499300427985
0.7042455001886655,-0.590130902684726,0.18699611317278594,-0.041791350665238175,24.18989862336685
0.7061154613203934,-0.5905488161913784,0.18272220712532708,-0.03908225777530275,24.193215438144367
0.7079426833916467,-0.5909396387691315,0.1783954252970139,-0.03635235281460836,24.194908268387056
0.7097266376446169,-0.5913031622972775,0.17401543033624664,-0.0336002968187273,24.194940583409757
0.7114667919479793,-0.5916391652654648,0.16958184468193424,-0.030824659791064957,24.19327461344818
0.7131626103947987,-0.5919474118633754,0.16509424923237498,-0.028023918764472452,24.189871487087782
0.7148135528871224,-0.5922276510510202,0.16055218222150175,-0.02519645622465124,24.184691397311997
0.7164190747093375,-0.5924796156132667,0.15595513833959546,-0.022340558957264185,24.17769379888682
0.7179786260927334,-0.5927030212028394,0.15130256813896542,-0.019454417386414298,24.16883763994298
0.7194916517741231,-0.5928975653767035,0.14659387776867042,-0.01653612547821823,24.158081630769217
0.7209575905518099,-0.5930629266314856,0.14182842908611612,-0.013583681289607928,24.145384552974615
0.7223758748426711,-0.5931987634443817,0.1370055401973056,-0.010594988249227288,24.13070561231759
0.7237459302446442,-0.593304713326874,0.13212448648163388,-0.00756785726434745,24.11400483863829
0.7250671751094605,-0.5933803918995174,0.12718450216140362,-0.00450000975510704,24.09524353646526
0.7263390201310745,-0.5934253919970685,0.12218478248069378,-0.0013890817250909351,24.07438478998507
0.7275608679558815,-0.5934392828143193,0.11712448656281478,0.0017673710147375465,24.051394026178404
0.7287321128215096,-0.593421609104172,0.11200274102032996,0.004971866343436073,24.02623964002539
0.729852140231713,-0.5933718904407376,0.10681864439649721,0.008226987914926836,23.998893685766006
0.730920326675678,-0.5932896205615883,0.10157127252196549,0.011535375687574432,23.969332638268796
0.7319360394008976,-0.5931742668047125,0.09625968487563186,0.014899714746739956,23.937538228600147
0.7328986362496539,-0.5930252696572451,0.09088293204369165,0.01832272225932678,23.903498357913442
0.7338074655700908,-0.5928420424346519,0.08544006437608367,0.02180713238994225,23.867208093758496
0.7346618662138517,-0.5926239711107525,0.07993014194468939,0.025355678998828304,23.828670752877485
0.7354611676332985,-0.5923704143207642,0.07435224591277165,0.028971075932181515,23.787899074469536
0.7362046900924262,-0.5920807035614424,0.06870549143017513,0.03265599470598243,23.74491648778419
0.7368917450067279,-0.5917541436143825,0.06298904217371132,0.03641303937505264,23.69975847773743
0.737521635428465,-0.591390013220632,0.05720212665686094,0.040244718369837694,23.652474052021937
0.7380936566950337,-0.5909875660369336,0.051344056437379194,0.0441534130744824,23.60312731290085
0.7386070972594074,-0.5905460319061888,0.04541424635550728,0.04814134291124221,23.551799136528015
0.7390612397229624,-0.5900646184770764,0.039412236939198306,0.05221052668828988,23.498588962221344
0.7394553620923544,-0.5895425132101935,0.033337719115967154,0.056362739960678435,23.44361669360976
0.7397887392835141,-0.5889788858105867,0.027190561373555962,0.060599468147806326,23.387024712993227
0.7400606448972497,-0.5883728911291086,0.020970839513471624,0.06492185514536701,23.328980009560585
0.7402703532923843,-0.5877236725776549,0.014678869142447426,0.06933064716571928,23.26967642131864
0.7404171419838088,-0.5870303661059977,0.008315241046876542,0.07382613153812215,23.20933698967507
0.7405002943942776,-0.5862921047906164,0.001880859594095276,0.07840807019964016,23.148232182154267
0.7405191029902185,-0.58550802408862,-0.004622995275440197,0.08307559260463923,23.086657780347064
0.7404728730374641,-0.5846772681625736,-0.011194634731226845,0.08782713759180774,23.024866324779826
0.7403609266901519,-0.5837989967866555,-0.01783201668086365,0.0926605475801298,22.963070823908147
0.7401826065233432,-0.5828723913108542,-0.024532796740820696,0.0975731547206498,22.90144824032714
0.739937278555935,-0.5818966597636477,-0.03129437481799119,0.10256185947372591,22.840142760719
0.7396243348077551,-0.5808710411689104,-0.03811393756395555,0.10762320207066589,22.779268856603483
0.7392431954321156,-0.5797948091482038,-0.04498849695678707,0.11275342730629717,22.71891414339626
0.7387933104625477,-0.5786672748751408,-0.05191492525739223,0.11794854309535087,22.659142045609354
0.7382741612099738,-0.5774877894441873,-0.058889986578948283,0.12320437321077374,22.599994276268347
0.7376852613441843,-0.5762557457120796,-0.06591036529909323,0.12851660460642403,22.541493138780652
0.7370261576911934,-0.5749705796660154,-0.07297269153525127,0.1338808297102523,22.483643659567075
0.7362964307758408,-0.5736317713689129,-0.0800735638939535,0.13929258405722253,22.426435559789784
0.7354956951369013,-0.5722388455283406,-0.08720956969532512,0.14474737961404466,22.3698450744625
0.734623599439948,-0.5707913717322002,-0.09437730286415366,0.15024073413045014,22.313836627145662
0.7336798264113065,-0.5692889643908957,-0.10157337966918835,0.15576819683435816,22.258364368284813
0.7326640926146146,-0.5677312824225521,-0.10879445248263732,0.16132537077101852,22.203373585088823
0.7315761480897882,-0.566118028714842,-0.11603722172226184,0.16690793206914736,22.148801990636017
0.7304157758725656,-0.5644489493941505,-0.12329844612908576,0.1725116464003255,22.094580899671893
0.7291827914112747,-0.5627238329301472,-0.13057495152457455,0.17813238288156827,22.040636298318894
0.727877041896029,-0.5609425091013315,-0.13786363818222525,0.18376612565506503,21.986889814649153
0.7264984055142067,-0.5591048478447809,-0.145161486939889,0.1894089833637077,21.933259596803893
0.7250467906448078,-0.5572107580111438,-0.1524655641708255,0.19505719672619035,21.879661105057846
0.7235221350030996,-0.5552601860438819,-0.15977302572349436,0.20070714440122644,21.826007823938692
0.7219244047458646,-0.5532531145998697,-0.16708111993243316,0.20635534731681457,21.772211900226683
0.7202535935465403,-0.5511895611267016,-0.17438718979525197,0.21199847162748928,21.718184712365975
0.7185097216485877,-0.5490695764104266,-0.18168867440381278,0.21763333045015465,21.663837376532893
0.7166928349045496,-0.5468932431059251,-0.18898310971104543,0.22325688451739828,21.609081194327366
0.7148030038074391,-0.5446606742607512,-0.19626812870858046,0.2288662418761181,21.553828046767016
0.7128403225203533,-0.54237201184199,-0.2035414610844617,0.2344586567488802,21.4979907390042
0.7108049079095087,-0.5400274252745012,-0.21080093242460612,0.2400315276656064,21.44148329991039
0.7086968985852626,-0.5376271099978451,-0.21804446301642932,0.2455823949640039,21.384221240424466
0.7065164539550983,-0.5351712860482051,-0.2252700663081158,0.2511089377485327,21.32612177431344
0.7042637532920172,-0.5326601966707197,-0.2324758470723867,0.25660897038966224,21.267104004753534
0.7019389948212933,-0.5300941069668231,-0.239659999319295,0.26208043863767594,21.207089079918426
0.6995423948281003,-0.5274733025804463,-0.24682080399853384,0.2675214154183014,21.146000320535517
0.697074186788115,-0.5247980884262633,-0.253956626527987,0.27293009637097765,21.083763322172892
0.6945346205228351,-0.5220687874625535,-0.2610659141817428,0.2783047951845618,21.020306034811856
0.6919239613810176,-0.5192857395107079,-0.26814719336754994,0.2836439387797384,20.955558822083308
0.6892424894473421,-0.5164493001229105,-0.27519906682067347,0.2889460623822622,20.889454502357275
0.6864904987791354,-0.5135598394990878,-0.2822202107383285,0.294209804526454,20.8219283737157
0.6836682966717521,-0.5106177414538232,-0.28920937187629037,0.29943390202402215,20.75291822467413
0.6807762029529892,-0.507623402433583,-0.29616536462690896,0.30461718492929984,20.68236433237129
0.6778145493067201,-0.5045772305842899,-0.3030870680955678,0.30975857152833414,20.610209449803094
0.6747836786257645,-0.5014796448690066,-0.309973423190624,0.3148570633759237,20.536398783546545
0.6716839443938583,-0.4983310742352474,-0.3168234297400232,0.3199117404016513,20.46087996329403
0.668515710096458,-0.4951319568312309,-0.32363614364609955,0.32492175610318025,20.38360300440421
0.665279348659997,-0.4918827392701991,-0.33041067408853186,0.32988633284255275,20.304520264564214
0.6619752419191117,-0.48858387594177355,-0.33714618078402514,0.3348047572589423,20.22358639556125
0.6586037801112715,-0.4852358283691841,-0.34384187131000893,0.33967637580922644,20.1407582910617
0.6551653613981714,-0.4818390646110918,-0.3504969984984889,0.34450059044587966,20.05599503121475
0.6516603914131865,-0.47839405870663304,-0.35711085790513464,0.3492768544399851,19.96925782480934
0.6480892828341352,-0.4749012901622332,-0.36368278535774423,0.3540046683556512,19.88050994964404
0.6444524549805578,-0.4713612434786767,-0.37021215458736856,0.3586835761807485,19.789716691694277
0.6407503334346841,-0.46777440771686923,-0.37669837494461467,0.36331316161766536,19.69684528360086
0.636983349685238,-0.46414127610069256,-0.383140889202958,0.36789304453669114,19.60186484294162
0.6331519407932084,-0.4604623456553256,-0.3895391714502822,0.3724228775936671,19.50474631069348
0.6292565490787055,-0.456738116879389,-0.3958927250693194,0.3769023430126903,19.405462390244132
0.6252976218280123,-0.45296909344926206,-0.4022010808071787,0.38133114953389374,19.303987487261928
0.6212756110199406,-0.44915578195392314,-0.40846379493372753,0.38570902952566527,19.200297650694278
0.6171909730706033,-0.4452986916586665,-0.41468044748821337,0.3900357362600824,19.09437051512459
0.6130441685957212,-0.4413983342960657,-0.4208506406131871,0.39431104134983047,18.986185244681955
0.6088356621895893,-0.43745522388256736,-0.4269739969745051,0.39853473234443276,18.875722478666336
0.6045659222198443,-0.433469876559123,-0.43305015826594256,0.4027066104832423,18.76296427902296
0.6002354206371848,-0.42944281045429056,-0.43907878379674165,0.406826488602318,18.64789407977358
0.5958446327992174,-0.42537454556826737,-0.4450595491602385,0.4108941891920324,18.530496638488028
0.591394037307615,-0.421265603676347,-0.45099214498156537,0.414909542602024,18.41075798985805
0.5868841158577993,-0.41711650825032676,-0.456876275742302,0.41887238538991567,18.288665401417358
0.5823153531003763,-0.4129277843964276,-0.46271165867984737,0.4227825588100562,18.164207331433893
0.5776882365135778,-0.408699958808327,-0.4684980227592057,0.42663990743841446,18.037373388985863
0.5730032562859858,-0.40443355973394285,-0.4742351077148166,0.4304442779296482,17.908154296218946
0.5682609052088377,-0.40012911695464637,-0.47992266316001475,0.43419551790228994,17.77654185277152
0.5634616785772375,-0.39578716177562345,-0.4855604477616721,0.4378934749479276,17.6425289023439
0.5586060740996208,-0.3914082270261442,-0.4911482284775543,0.4415379957602109,17.506109301378345
0.5536945918148453,-0.3869928470685421,-0.4966857798539157,0.4451289253794848,17.367277889810165
0.5487277340163061,-0.38254155781474725,-0.5021728833808552,0.44866610654882566,17.226030463842513
0.5437060051824976,-0.37805489674925896,-0.5076093269029623,0.45214937917724984,17.082363750693137
0.538629911913468,-0.37353340295748644,-0.5129949040827967,0.45557857990585554,16.936275385255765
0.53349996287264,-0.36897761715842786,-0.5183294139147628,0.4589535417726651,16.787763888616166
0.5283166687334924,-0.3643880817407012,-0.5236126602869644,0.46227409397193914,16.636828648358968
0.5230805421306227,-0.3597653408009818,-0.5288444515886503,0.4655400617037461,16.48346990060005
0.5177920976147362,-0.3551099401839444,-0.5340246003608917,0.4687512661095831,16.327688713676707
0.5124518516111273,-0.3504224275228485,-0.5391529229881625,0.47190752428985705,16.169486973427198
0.5070603223812457,-0.34570335227994997,-0.5442292394285286,0.4750086493990532,16.008867369990096
0.5016180299869604,-0.3409532657859594,-0.5492533729801838,0.4780544508144319,15.845833386054169
0.4961254962571585,-0.3361727212778151,-0.5542251500821073,0.48104473437411016,15.680389286488351
0.49058324475633747,-0.331362273934074,-0.5591444001466503,0.48397930268040246,15.512540109282869
0.48499180075487097,-0.32652248090727,-0.5640109554218995,0.4868579554643079,15.34229165773187
0.47935169120065196,-0.3216539013526269,-0.5688246508816941,0.4896804900070487,15.16965049378933
0.473663444691835,-0.3167570964525564,-0.5735853241412174,0.4924467016145788,14.994623932530313
0.46792759145042284,-0.3118326294364106,-0.578292815396113,0.49515638414099694,14.817220037650728
0.4621446632964617,-0.3068810655950006,-0.5829469673831149,0.4978093305568149,14.637447617939314
0.45631519362263057,-0.30190297228943247,-0.5875476253602181,0.5004053335580495,14.455316224657071
0.4504397173690284,-0.29689891895385195,-0.5920946371044505,0.5029441862121223,14.27083614975956
0.44451877099798387,-0.2918694770917307,-0.5965878529253466,0.5054256826365762,14.08401842489937
0.4385528924687304,-0.28681522026536493,-0.6010271256922587,0.5078496187066351,13.894874821146095
0.4325426212118078,-0.2817367240782986,-0.6054123108736839,0.5102157927876658,13.703417849362664
0.426488498103071,-0.2766345661504219,-0.6097432665868201,0.5125240064886243,13.5096607611774
0.4203910654372028,-0.2715093260855357,-0.6140198536556115,0.5147740654326095,13.313617550492324
0.41425086690064666,-0.2663615854312096,-0.6182419356755804,0.516965780040683,13.115302955468032
0.4080684475438909,-0.26119192763080273,-0.6224093790837929,0.519098966325162,12.914732460928542
0.40184435375305294,-0.25600093796755113,-0.6265220532323479,0.5211734466886403,12.71192230112602
0.39557913322072946,-0.25078920350066475,-0.6305798304638319,0.5231890507250598,12.50688946281112
0.3892733349160911,-0.24555731299341416,-0.6345825861872302,0.5251456160192111,12.299651688550023
0.3829275090542188,-0.24030585683322206,-0.638530198952841,0.5270429889411268,12.090227480234173
0.3765422070646904,-0.2350354269438108,-0.6424225505247979,0.5288810254319085,11.878636102726311
0.3701179815594424,-0.2297466166894917,-0.6462595259498598,0.5306595917776239,11.664897587587985
0.3636553862999438,-0.22444002077171546,-0.6500410136211997,0.532378565368012,11.44903273683471
0.3571549761637318,-0.21911623511803535,-0.6537669053359806,0.5340378354368464,11.231063126664532
0.35061730711037203,-0.2137758567636669,-0.6574370963455826,0.5356373037809257,11.011011111106887
0.3440429361469162,-0.20841948372585764,-0.6610514853974145,0.5371768854547947,10.788899825539186
0.3374324212929421,-0.20304771487130968,-0.6646099747673201,0.5386565094384363,10.564753190019488
0.3307863215452689,-0.1976611497769253,-0.6681124702816648,0.5400761192753262,10.33859591238323
0.32410519684245226,-0.19226038858417205,-0.6715588813282753,0.541435673678401,10.110453491055708
0.3173896080291695,-0.18684603184738804,-0.674949120855481,0.5427351471016564,9.880352217528808
0.31064011682061465,-0.1814186803763715,-0.678283105358597,0.5439745302752687,9.648319178455727
0.3038572857670287,-0.1759789350736188,-0.6815607548532767,0.5451538307023157,9.414382257316436
0.2970416782184959,-0.17052739676659565,-0.6847819928352471,0.5462730731153621,9.178570135607032
0.29019385829014344,-0.16506466603544204,-0.6879467462260379,0.5473322998913727,8.940912293512
0.28331439082788307,-0.1595913430365283,-0.6910549453044006,0.5483315714236136,8.70143901001463
0.2764038413748391,-0.15410802732229217,-0.6941065236232116,0.5492709664494109,8.46018136240637
0.269462776138607,-0.14861531765779806,-0.6971014179117443,0.5501505823328429,8.21717122515772
0.26249176195948953,-0.14311381183446964,-0.7000395679632861,0.5509705353016501,7.972441268112818
0.2554913662798567,-0.13760410648145313,-0.7029209165081718,0.5517309606378641,7.7260249539759815
0.24846215711477498,-0.1320867968750745,-0.70574540907239,0.5524320128218605,7.477956535057383
0.2414047030240511,-0.1265624767468559,-0.7085129938220139,0.5530738656297581,7.228271049251666
0.23431957308583096,-0.12103173809055831,-0.711223621393787,0.5536567121842856,6.977004315221256
0.2272073368718931,-0.11549517096871545,-0.7138772447122836,0.5541807649594466,6.724192926762488
0.22006856442477027,-0.10995336331912098,-0.7164738187941435,0.554646255739513,6.4698742463364045
0.21290382623682882,-0.10440690076172585,-0.7190133005399523,0.5550534355330602,6.214086397746074
0.2057136932314293,-0.09885636640639524,-0.721495648514416,0.5554025744429509,5.956868257946234
0.19849873674628513,-0.09330234066196573,-0.7239208227155461,0.5556939614933497,5.698259447977429
0.19125952851912967,-0.08774540104703224,-0.7262887843336303,0.5559279044150136,5.43830032301497
0.18399664067579335,-0.0821861220028821,-0.7285994955008289,0.5561047293902686,5.177031961532632
0.17671064572078507,-0.07662507470897942,-0.7308529190322807,0.5562247807592164,4.914496153576756
0.16940211653046228,-0.07106282690138725,-0.7330490181596558,0.5562884206888653,4.650735388155961
0.1620716263488657,-0.0654999426944986,-0.7351877562581316,0.556296028806989,4.385792839753796
0.1547197487862844,-0.05993698240642871,-0.7372690965677969,0.55624800180263,4.119712353969454
0.14734705782060642,-0.05437450238840241,-0.7392930019105294,0.556144752995265,3.8525384323035547
0.13995412780150113,-0.048813054858449764,-0.741259434403399,0.5559867118747226,3.5843162161002424
0.13254153345746714,-0.04325318773970254,-0.7431683551696792,0.5557743236140226,3.3150914696674616
0.12510984990577034,-0.03769544450356231,-0.7450197240485444,0.5555080485573474,3.044910562590758
0.1176596526652849,-0.03214036401798884,-0.746813499304549,0.555188361685415,2.7738204512705367
0.1101915176722394,-0.026588480401134686,-0.7485496373379646,0.554815752060526,2.501868659700594
0.10270602129885976,-0.021040322880529427,-0.7502280923970607,0.5543907222535962,2.2291032595212372
0.09520374037488916,-0.015496415657993465,-0.7518488162933844,0.5539137877554658,1.9555728493747895
0.0876852522119553,-0.009957277780438806,-0.7534117581210833,0.5533854763747706,1.6813265335912104
0.08015113463074447,-0.004423423016691099,-0.7549168639812908,0.5528063276246432,1.406413900241061
0.07260196599093156,0.0011046402595553334,-0.7563640767125598,0.5521768921004628,1.1308849985866039
0.06503832522380597,0.006626409180559962,-0.7577533356282992,0.551497730850834,0.8547903159653003
0.057460791867522974,0.012141386489068302,-0.7590845762621309,0.5507694147439147,0.5781807541438418
0.04986994610490167,0.01764908063650745,-0.7603577301220393,0.5499925238311454,0.30110760517481794
0.04226636880368127,0.0231490058748189,-0.7615727244541453,0.5491676467103586,0.023622526795036628
0.03465064155913982,0.028640682341922487,-0.7627294820168864,0.5482953798901654,-0.2542224825975129
0.027023346738970958,0.03412363614082414,-0.7638279208663342,0.5473763271574182,-0.5323751093568136
0.019385067530307616,0.03959739941239833,-0.7648679541533325,0.5464110989494696,-0.8107827503489077
0.01173638798877429,0.045061510401893025,-0.76584948993308,0.5454003117328272,-1.0893925390294303
0.004077893089443491,0.050515513519221296,-0.7667724309877325,0.5443445873897157,-1.368151371800935
-0.0035898312204338343,0.05595895939311845,-0.7676366746625419,0.5432445526139417,-1.6470059346164505
-0.011266197967059254,0.06139140491925787,-0.7684421127159934,0.5421008383173497,-1.9259027297965752
-0.01895061909421919,0.06681241330243136,-0.7691886311843487,0.5409140790480469,-2.2047881030282706
-0.026642505406062677,0.07222155409291182,-0.7698761102609467,0.5396849124214631,-2.483608270513245
-0.03434126650867214,0.07761840321712646,-0.7705044241905593,0.5384139785651977,-2.7623093462388053
-0.042046310750577735,0.08300254300277843,-0.7710734411790476,0.537101919578502,-3.0408373693399127
-0.04975704516236821,0.08837356219856345,-0.7715830233185094,0.5357493790071278,-3.319138331529829
-0.057472875395553305,0.09373105598863472,-0.7720330265280643,0.5343570013341783,-3.5971582045676067
-0.06519320566083395,0.0990746260019765,-0.7724233005103652,0.532925431487476,-3.8748429677474103
-0.0729174386659376,0.10440388031685126,-0.7727536887238897,0.5314553143638872,-4.152138635378567
-0.0806449755531765,0.10971843346049012,-0.7730240283710104,0.5299472943709208,-4.428991284241716
-0.08837521583688661,0.11501790640419933,-0.7732341504018083,0.5284020149858458,-4.705347080998334
-0.09610755734090469,0.12030192655405779,-0.7733838795335516,0.5268201183324734,-4.981152309536892
-0.1038413961362402,0.12557012773738252,-0.773473034285722,0.5252022447756718,-5.256353398238868
-0.11157612647909743,0.13082215018513924,-0.7735014270304424,0.5235490325336015,-5.530896947150319
-0.11931114074940186,0.13605764051047525,-0.7734688640581244,0.5218611173075913,-5.804729755042286
-0.1270458293899831,0.14127625168355118,-0.7733751456581222,0.5201391319294967,-6.077798846351484
-0.13477958084656433,0.14647764300284616,-0.7732200662141598,0.5183837060263358,-6.35005149798474
-0.14251178150870591,0.1516614800631095,-0.7730034143142671,0.5165954657019253,-6.621435265981465
-0.15024181565184858,0.15682743472012875,-0.7727249728749431,0.5147750332352014,-6.891898012020086
-0.15796906538059802,0.16197518505248076,-0.7723845192792439,0.5129230267948529,-7.161387929763056
-0.16569291057339045,0.1671044153204293,-0.7719818255284762,0.5110400601698625,-7.429853571030048
-0.1734127288286752,0.17221481592212792,-0.7715166584071637,0.5091267425155088,-7.697243871792368
-0.18112789541274685,0.177306083347283,-0.7709887796609388,0.5071836781143542,-7.963508177982473
-0.18883778320935624,0.18237792012842655,-0.7703979461870037,0.5052114661517162,-8.228596271110424
-0.19654176267122628,0.18743003478994372,-0.7697439102367957,0.5032107005050973,-8.492458393683425
-0.20423920177359423,0.19246214179499468,-0.7690264196304858,0.5011819695470335,-8.755045274418537
-0.2119294659698991,0.19747396149046503,-0.7682452179829321,0.4991258559608,-9.016308153247504
-0.2196119181497284,0.20246522005007303,-0.7674000449407089,0.497042936568413,-9.276198806104272
-0.2272859185991355,0.20743564941575715,-0.7664906364298287,0.4949337821703531,-9.534669569488528
-0.23495082496343378,0.2123849872374607,-0.7655167249137719,0.4927989573964286,-9.791673364805298
-0.2426059922125715,0.21731297681142497,-0.764478039661445,0.49063902056721204,-10.047163722464283
-0.25025077260918593,0.2222193670170971,-0.76337430702468,0.48845452356546276,-10.301094805741174
-0.2578845156794327,0.22710391225275173,-0.7622052507248973,0.4862460117169722,-10.553421434391309
-0.26550656818668167,0.23196637236992146,-0.760970592148558,0.48401402368027147,-10.80409910800252
-0.27311627410816725,0.23680651260672417,-0.7596700506510234,0.48175909134463424,-11.053084029089815
-0.2807129746146775,0.2416241035201705,-0.7583033438684618,0.4794817397358453,-11.300333125911944
-0.2882960080533621,0.24641892091752896,-0.7568701880374268,0.4771824869291895,-11.545804075008755
-0.29586470993373637,0.2511907457868208,-0.7553702983217534,0.4748618439691489,-11.789455323446791
-0.30341841291695393,0.2559393642265123,-0.7538033891464115,0.4725203147953028,-12.031246110759557
-0.31095644680841805,0.26066456737446536,-0.7521691745379652,0.47015839617393584,-12.271136490575039
-0.3184781385537977,0.2653661513362047,-0.7504673684712894,0.46777657763488084,-12.509087351918296
-0.3259828122385106,0.27004391711255354,-0.7486976852222066,0.46537534141314363,-12.745060440170322
-0.33346978909073266,0.274697670526685,-0.7468598397256967,0.46295516239485535,-12.979018377677107
-0.3409383874879896,0.27932722215063355,-0.7449535479393534,0.46051650806713595,-13.210924683989132
-0.34838792296738313,0.28393238723130493,-0.7429785272117536,0.4580598384714554,-13.440743795715873
-0.35581770823950065,0.28851298561601946,-0.7409344966554123,0.4555856061600954,-13.668441085981955
-0.36322705320605475,0.29306884167762043,-0.7388211775240018,0.45309425615533844,-13.893982883460842
-0.37061526498129477,0.2975997842391738,-0.7366382935935072,0.4505862259110092,-14.11733649097817
-0.3779816479172298,0.3021056464982839,-0.7343855715470073,0.44806194527603405,-14.338470203652458
-0.3853255036326999,0.30658626595104427,-0.7320627413627522,0.4455218364596642,-14.557353326565728
-0.39264613104632745,0.31104148431564094,-0.7296695367052268,0.44296631399805525,-14.77395619193151
-0.3999428264133797,0.3154711474556215,-0.7272056953188756,0.4403957847218754,-14.988250175745879
-0.40721488336656847,0.31987510530284025,-0.7246709594241701,0.4378106477246476,-15.200207713895184
-0.4144615929608102,0.3242532117800867,-0.7220650761156973,0.4352112943315295,-15.409802317695577
-0.42168224372196716,0.328605324723402,-0.7193877977619394,0.4325981080682413,-15.617008588841678
-0.42887612169958655,0.3329313058040844,-0.7166388824064198,0.4299714646298637,-15.821802233735008
-0.43604251052365073,0.33723102045038306,-0.7138180941698731,0.42733173184922313,-16.02416007716998
-0.44318069146534944,0.3415043377688753,-0.7109252036531046,0.42467926966459646,-16.22406007534307
-0.4502899435018805,0.34575113046552125,-0.7079599883401843,0.4220144300864515,-16.421481328161704
-0.45736954338528235,0.3499712747663858,-0.7049222330016186,0.4193375571629525,-16.616404090818254
-0.46441876571529855,0.3541646503380153,-0.7018117300971312,0.4166489869439436,-16.808809784604392
-0.47143688301626985,0.35833114020745477,-0.698628280177676,0.41394904744313393,-16.99868100692454
-0.4784231658180466,0.3624706306818861,-0.695371692286285,0.4112380585981764,-17.186001540484003
-0.48537688274090945,0.3665830112678679,-0.6920417843573475,0.40851633222834266,-17.370756361614088
-0.49229730058448296,0.37066817459015133,-0.6886383836138993,0.40578417198947503,-17.55293164769606
-0.49918368442062194,0.3747260163100461,-0.6851613269624767,0.4030418733258729,-17.732514783655386
-0.5060352976902467,0.3787564350433048,-0.6816104613850853,0.4002897234187709,-17.9094943674801
-0.5128514023040975,0.38275933227749254,-0.6779856443277966,0.397528001131023,-18.08386021473362
-0.5196312587473755,0.3867346122888028,-0.6742867440854778,0.3947569769476036,-18.255603362015652
-0.5263741261882302,0.3906821820582788,-0.6705136401821271,0.39197691291149234,-18.424716069335425
-0.5330792625900515,0.3946019511873937,-0.6666662237462647,0.38918806255449,-18.59119182135525
-0.539745924827514,0.3984938318129386,-0.6627443978808045,0.3863906708224785,-18.755025327459883
-0.5463733688063221,0.4023577385211634,-0.6587480780267981,0.38358497399459635,-18.916212520611314
-0.5529608495865901,0.40619358826110935,-0.6546771923204151,0.3807711995957692,-19.074750554944725
-0.5595076215097943,0.41000130025706705,-0.6505316819424927,0.3779495663019926,-19.23063780205697
-0.5660129383292192,0.413780795920087,-0.6463115014599472,0.3751202838377103,-19.383873845946965
-0.5724760533438187,0.4175319987584641,-0.6420166191583131,0.37228355286459663,-19.53445947655839
-0.5788962195354018,0.42125483428711,-0.6376470173646301,0.3694395648609943,-19.682396681875886
-0.5852726897090481,0.42494922993572,-0.6332026927598627,0.3665885019911999,-19.827688638531022
-0.5916047166366467,0.428615114955632,-0.6286836566799976,0.3637305369637471,-19.970339700866692
-0.5978915532034467,0.43225242032526945,-0.6240899354049202,0.36086583287776774,-20.110355388410245
-0.6041324525574959,0.4358610786540471,-0.619421570434128,0.3579945430564534,-20.247742371709638
-0.6103266682618372,0.43944102408461166,-0.6146786187482971,0.3551168108665805,-20.38250845647847
-0.6164734544493202,0.44299219219327746,-0.6098611530556665,0.3522327695229898,-20.51466256600682
-0.6225720659798769,0.4465145198885074,-0.604969262022169,0.34934254187685765,-20.644214721782213
-0.6286217586000986,0.45000794530727595,-0.6000030504841796,0.34644624018651327,-20.771176022278368
-0.6346217891049404,0.4534724077091411,-0.5949626396427133,0.3435439658695045,-20.895558619858093
-0.6405714155013675,0.45690784736783613,-0.5898481672378532,0.34063580923453024,-21.017375695750008
-0.646469897173746,0.4603142054601814,-0.5846597877021451,0.33772184919180753,-21.13664143304789
-0.6523164950507675,0.4636914239520995,-0.5793976722916504,0.33480215294035814,-21.253370987693035
-0.658110471773684,0.46703944548150306,-0.5740620091933,0.331876775630646,-21.367580457396322
-0.663851091865617,0.4703582132378095,-0.5686530036071543,0.3289457600009279,-21.479286848460212
-0.6695376219016885,0.4736476708378188,-0.5631708778021299,0.32600913598561926,-21.588508040467755
-0.6751693306797099,0.47690776219767494,-0.5576158711437184,0.32306692029392814,-21.69526274880091
-0.680745489391147,0.48013843140061424,-0.5519882400921835,0.32011911595694675,-21.799570484966264
-0.6862653717920688,0.4833396225601837,-0.5462882581697013,0.31716571184136144,-21.901451514696674
-0.6917282543737658,0.4865112796785973,-0.5405162158948686,0.31420668212788516,-22.000926813818506
-0.6971334165327145,0.4896533464998762,-0.5346724206830007,0.3112419857525068,-22.09801802186293
-0.7024801407395446,0.49276576635740127,-0.5287571967106084,0.3082715658086103,-22.192747393423204
-0.7077677127066506,0.49584848201548737,-0.5227708847424534,0.3052953489080267,-22.285137747255206
-0.7129954215540751,0.4989014355045676,-0.5167138419195725,0.3023132444990732,-22.375212413132214
-0.7181625599732708,0.5019245679495583,-0.5105864415066752,0.29932514413965633,-22.462995176472912
-0.7232684243883376,0.5049178193909549,-0.5043890725973413,0.2963309207235457,-22.548510220773494
-0.728312315114311,0.5078811285981903,-0.49812213977547765,0.2933304276579814,-22.63178206788292
-0.7332935365120659,0.5108144328747701,-0.49178606273153747,0.2903234979908427,-22.71283551617447
-0.7382113971393812,0.5137176678546785,-0.4853812758320668,0.2873099434856995,-22.791695576684145
-0.7430652098977019,0.5165907672895356,-0.47890822764122093,0.2842895536431906,-22.868387407289383
-0.747854292174114,0.5194336628259675,-0.472367380392977,0.2812620946672995,-22.94293624503428
-0.7525779659780438,0.5222462837726405,-0.46575920941289134,0.27822730837528614,-23.01536733670832
-0.7572355580721727,0.5250285568563934,-0.45908420248837073,0.27518491105021886,-23.085705867817463
-0.7618264000970564,0.5277804059668956,-0.4523428591865868,0.27213459223529796,-23.153976890094555
-0.7663498286889222,0.5305017518892485,-0.44553569011933075,0.26907601346941806,-23.22020524773003
-0.7708051855901155,0.5331925120239427,-0.43866321615431486,0.26600880696374124,-23.284415502514076
-0.7751918177516586,0.5358526000935802,-0.43172596757264575,0.26293257421938876,-23.346631858114904
-0.7795090774273851,0.538481925835774,-0.42472448317245626,0.2598468845867614,-23.40687808374197
-0.7837563222591096,0.5410803946816416,-0.4176593093189687,0.2567512737674425,-23.46517743746553
-0.7879329153522994,0.543647907419316,-0.41053099894157746,0.25364524226012264,-23.521552589499002
-0.7920382253417152,0.5461843598419173,-0.4033401104788941,0.2505282537525352,-23.57602554578036
-0.7960716264465041,0.5486896423794426,-0.39608720677308945,0.24739973346199734,-23.62861757221691
-0.800032498514235,0.5511636397140626,-0.38877285391528876,0.2442590664278066,-23.67934911999822
-0.8039202270533878,0.5536062303783407,-0.3813976200442497,0.2411055957594748,-23.72823975241055
-0.8077342032538304,0.5560172863359354,-0.37396207410105464,0.2379386208455655,-23.77530807363133
-0.8114738239948409,0.5583966725443911,-0.36646678454310827,0.23475739552876926,-23.820571660012924
-0.815138491840272,0.5607442464996788,-0.35891231802132406,0.23156112625377653,-23.86404699441239
-0.8187276150204852,0.5630598577622166,-0.351299238025033,0.2283489701955226,-23.90574940415909
-0.8222406074007356,0.5653433474641718,-0.3436281034998376,0.22512003337645842,-23.9456930033014
-0.825676888435734,0.5675945477979364,-0.335899467444383,0.22187336878267552,-23.98389063981314
-0.8290358831101777,0.5698132814857632,-0.3281138754928106,0.21860797448996008,-24.02035384848888
-0.8323170218651058,0.5719993612306628,-0.32027186449051154,0.21532279181219136,-24.055092810301467
-0.8355197405100109,0.5741525891487846,-0.3123739610716976,0.21201670348592347,-24.08811631904723
-0.8386434801207279,0.5762727561836439,-0.30442068024827384,0.20868853190651454,-24.11943175614613
-0.8416876869232106,0.578359641502709,-0.29641252402050466,0.2053370374327707,-24.149045074518273
-0.8446518121634157,0.5804130118770368,-0.28834998002104384,0.20196091677878303,-24.17696079250389
-0.8475353119636261,0.5824326210448246,-0.280233520205024,0.19855880151343458,-24.203181998847825
-0.8503376471656763,0.584418209059959,-0.2720635996000928,0.1951292566899606,-24.22771036981197
-0.8530582831616772,0.5863695016268586,-0.2638406551315218,0.1916707796299352,-24.250546199534934
-0.8556966897129924,0.588286209423158,-0.2555651045388189,0.18818179888816086,-24.271688444801658
-0.8582523407583806,0.5901680274120397,-0.24723734540162842,0.18466067342712905,-24.291134785434817
-0.8607247142123969,0.592014634146311,-0.238857754294114,0.18110569203201463,-24.308881701566335
-0.8631132917553381,0.5938256910666311,-0.2304266860884852,0.17751507299955915,-24.324924569089873
-0.8654175586162229,0.5956008417966266,-0.22194447342984078,0.17388696413668336,-24.339257774638124
-0.8676370033505213,0.5973397114379935,-0.21341142640606534,0.1702194431072507,-24.351874851469667
-0.8697711176145819,0.599041905869066,-0.2048278324381274,0.16651051816807852,-24.362768637682308
-0.8718193959389632,0.6007070110507469,-0.1961939564177727,0.16275812933804853,-24.371931458210675
-0.8737813355031409,0.6023345923441273,-0.18751004112130332,0.15896015004702393,-24.37935533208646
-0.8756564359143539,0.6039241938445976,-0.1787763079298511,0.15511438931419727,-24.385032206470438
-0.8774441989936524,0.6054753377377395,-0.16999295788830962,0.15121859450850003,-24.388954218983844
-0.8791441285725355,0.6069875236828245,-0.16116017313686548,0.14727045474677666,-24.391113989878185
-0.8807557303039042,0.6084602282302922,-0.15227811875086203,0.14326760498855523,-24.391504945594697
-0.8822785114914128,0.6098929042801777,-0.14334694502653514,0.13920763088944157,-24.390121675261838
-0.8837119809416781,0.6112849805890721,-0.13436679025196657,0.13508807447839657,-24.386960321675687
-0.8850556488441979,0.6126358613338561,-0.12533778400440462,0.1309064407274326,-24.382019008288125
-0.8863090266842419,0.6139449257411304,-0.11626005101688547,0.12666020508555864,-24.37529830371218
-0.8874716271944108,0.615211527791986,-0.1071337156588588,0.12234682205212923,-24.366801725208934
-0.8885429643509993,0.6164349960125073,-0.0979589070772426,0.11796373486805653,-24.356536282587346
-0.8895225534217718,0.6176146333611878,-0.08873576504602139,0.11350838640666083,-24.344513063879802
-0.890409911072232,0.6187497172252544,-0.07946444657411694,0.10897823134919433,-24.3307478640992
-0.8912045555379732,0.6198394995387464,-0.07014513332281598,0.10437074973331081,-24.315261858289908
-0.8919060068712014,0.6208832070360795,-0.06077803988549382,0.09968346196589856,-24.29808231999649
-0.8925137872700563,0.6218800416557384,-0.0513634229837327,0.09491394539476619,-24.279243386151666
-0.8930274214998936,0.6228291811096861,-0.04190159163515786,0.09005985253660323,-24.258786869264565
-0.8934464374162452,0.6237297796350522,-0.03239291834941008,0.08511893106144457,-24.236763117630673
-0.8937703665997393,0.6245809689456666,-0.02283785140958857,0.080089045636468,-24.213231924123505
-0.8939987451138351,0.6253818594020313,-0.013236928297235901,0.07496820173435065,-24.18826348393191
-0.8941311143968075,0.6261315414193748,-0.003590790319451609,0.0697545715135306,-24.16193940139364
-0.894167022300002,0.6268290871345101,0.006099801503006751,0.0644465218795277,-24.13435374583846
-0.8941060242849719,0.6274735523533054,0.015833949227777852,0.059042644837918934,-24.10561415607814
-0.8939476847926942,0.6280639788016845,0.02561059940457388,0.053541790250550156,-24.075842992892863
-0.8936915787986485,0.6285993967041901,0.03542852305261391,0.047943101107061445,-24.045178538521593
-0.8933372935681223,0.6290788277152607,0.045286294145024004,0.04224605142367688,-24.013776241807044
-0.8928844306266721,0.6295012882294975,0.05518226654492762,0.036450486880408424,-23.98181000722887
-0.8923326079612228,0.6298657930983016,0.06511454933998168,0.030556668306189715,-23.94947352562138
-0.891681462467823,0.6301713597813635,0.07508098052469761,0.024565318118910624,-23.916981643863807
-0.890930652662576,0.6304170129625526,0.08507909898312395,0.0184776698236703,-23.884571770292496
-0.8900798616727448,0.6306017896607893,0.09510611472841032,0.012295520667682046,-23.852513612524145
-0.8891288005254607,0.6307247448674661,0.10515886674949727,0.006021305500883633,-23.82101095820162
-0.8880772118579657,0.6307849579224749,0.11523390647663158,-0.00034204167476706553,-23.79022917306892
-0.8869248727931994,0.6307815375057272,0.12532754608861446,-0.006791166425117596,-23.760298467786725
-0.8856715973323133,0.630713625841476,0.1354359026520463,-0.013322365362048567,-23.73131697136477
-0.8843172383057928,0.6305804021878556,0.14555493834265373,-0.019931650845359934,-23.703353617754686
-0.8828616889223663,0.630381085679402,0.15568049699094533,-0.026614809357632798,-23.67645085239723
-0.8813048839524569,0.6301149375858257,0.16580833718614355,-0.03336745398465197,-23.65062716570134
-0.8796468005805954,0.6297812630459791,0.17593416216367783,-0.04018507141661895,-23.625879460544716
-0.8778874589589586,0.6293794123318129,0.18605364669259825,-0.04706306386758855,-23.602185260958677
-0.8760269224920326,0.628908781693137,0.1961624611701451,-0.05399678629244578,-23.579504769162185
-0.8740652978803312,0.6283688138302126,0.20625629312148977,-0.06098157926249465,-23.557782778091596
-0.8720027349491163,0.6277589980375876,0.2163308662933876,-0.06801279784243855,-23.53695044649334
-0.8698394262861824,0.6270788700591632,0.2263819575212449,-0.07508583679336428,-23.51692694355449
-0.8675756067109699,0.6263280116912295,0.236405411539928,-0.08219615240836124,-23.497620969910493
-0.8652115525955706,0.6255060501671459,0.24639715389960212,-0.0893392812697411,-23.47893216171738
-0.8627475810565746,0.6246126573544485,0.2563532021390112,-0.09651085619953668,-23.46075238430302
-0.8601840490351844,0.6236475487924531,0.2662696753599339,-0.10370661965812339,-23.442966921721617
-0.8575213522815851,0.6226104825958718,0.27614280233810823,-0.11092243482948122,-23.425455568333295
-0.854759924258204,0.621501258247577,0.2859689282977277,-0.11815429461584817,-23.40809362831774
-0.8519002349752267,0.6203197153014185,0.2957445204686987,-0.12539832874934106,-23.39075282881197
-0.8489427897705397,0.6190657320139251,0.3054661725382229,-0.13265080921356462,-23.373302152139104
-0.8458881280451575,0.6177392239217895,0.3151306081009395,-0.13990815415431068,-23.35560859236403
-0.842736821964148,0.6163401423802464,0.32473468320484666,-0.14716693044518983,-23.337537841189576
-0.8394894751320996,0.6148684730757945,0.3342753880835058,-0.15442385506141942,-23.318954907973175
-0.8361467212512645,0.6133242345251804,0.3437498481586392,-0.16167579540304317,-23.299724678423615
-0.8327092227696782,0.61170747657115,0.353155324391138,-0.16891976869754388,-23.27971241631203
-0.8291776695257668,0.6100182788841746,0.36248921305272036,-0.17615294060114328,-23.258784212312477
-0.8255527773952396,0.6082567494781631,0.3717490449849976,-0.18337262310803987,-23.236807383876503
-0.8218352869453897,0.6064230232470827,0.3809324844075246,-0.19057627186739406,-23.21365082983353
-0.8180259621013144,0.6045172605284088,0.3900373273315156,-0.19776148299902724,-23.189185343211154
-0.8141255888279992,0.6025396456984186,0.39906149963129184,-0.20492598949051588,-23.163283885567978
-0.8101349738316863,0.6004903858035134,0.4080030548211848,-0.21206765725063392,-23.135821825945584
-0.8060549432834745,0.5983697092310071,0.41686017158153893,-0.2191844808868846,-23.106677147362582
-0.8018863415676591,0.5961778644221383,0.4256311510736253,-0.22627457926815014,-23.07573062359603
-0.7976300300569229,0.5939151186294568,0.43431441407969323,-0.23333619092725544,-23.042865968827087
-0.793286885916126,0.5915817567201842,0.4429084980010288,-0.2403676693524585,-23.0079699625666
-0.7888578009361157,0.5891780800266596,0.4514120537437549,-0.2473674782115217,-22.97093255211945
-0.7843436803986781,0.5867044052445444,0.4598238425191823,-0.25433418654706735,-22.931646934697216
-0.7797454419734863,0.5841610633790737,0.4681427325828005,-0.26126646397735304,-22.890009621149616
-0.7750640146476583,0.5815483987393002,0.476367695933463,-0.2681630759323859,-22.845920483146593
-0.7703003376883236,0.5788667679799764,0.4844978049919717,-0.2750228789514247,-22.799282785517054
-0.7654553596384039,0.5761165391904621,0.492532229276085,-0.28184481606435585,-22.750003205324614
-0.7605300373456431,0.5732980910298185,0.5004702320869608,-0.28862791227617324,-22.697991839146457
-0.7555253350247735,0.5704118119070568,0.5083111672201818,-0.2953712701708033,-22.64316219991023
-0.7504422233525717,0.5674580992053487,0.5160544757127925,-0.3020740656477943,-22.585431204537986
-0.7452816785954438,0.5644373585488708,0.5236996826362035,-0.30873554380290635,-22.524719153547785
-0.7400446817690818,0.5613500031108417,0.531246393943362,-0.31535501496138135,-22.460949703669275
-0.7347322178296481,0.5581964529612279,0.5386942933772687,-0.32193185087062876,-22.394049834441173
-0.7293452748958754,0.5549771344525216,0.5460431394466987,-0.32846548105720963,-22.323949809672836
-0.7238848435014085,0.5516924796419496,0.5532927624738903,-0.33495538935133906,-22.250583134575763
-0.7183519158766696,0.5483429257484361,0.5604430617179547,-0.3414011105806269,-22.17388650929313
-0.71274748525949,0.5449289146426298,0.5674940025768572,-0.34780222743344047,-22.093799779488993
-0.7070725452337214,0.5414508923682955,0.5744456138700001,-0.35415836749107776,-22.010265884589447
-0.7013280890950214,0.5379093086933847,0.5812979852027044,-0.36046920042688574,-21.92323080420869
-0.6955151092429944,0.5343046166891159,0.588051264413232,-0.3667344353695286,-21.832643503234653
-0.6896345965988621,0.5306372723354206,0.5947056551024072,-0.3729538184267967,-21.73845587599322
-0.6836875400478379,0.5269077341511526,0.6012614142453836,-0.3791271303656473,-21.640622689865125
-0.6776749259053841,0.5231164628474961,0.6077188498846475,-0.385254184443556,-21.539101528672937
-0.6715977374065376,0.5192639210030606,0.6140783189029676,-0.3913348243857614,-21.43385273612393
-0.665456954217508,0.515350572759203,0.6203402248746538,-0.39736892250254857,-21.324839359545336
-0.6592535519687615,0.5113768835341775,0.6265050159932125,-0.40335637794038054,-21.21202709411751
-0.6529885018088293,0.5073433197547738,0.6325731830732406,-0.409297115060408,-21.095384227769355
-0.6466627699780969,0.5032503486041697,0.638545257624215,-0.41519108193769627,-20.97488158687946
-0.6402773174018548,0.4990984377847928,0.6444218099936714,-0.4210382489743508,-20.850492482888395
-0.6338330993019181,0.4948880552950493,0.6502034475771566,-0.42683860761964787,-20.722192659904287
-0.6273310648261465,0.4906196692188528,0.6558908130922534,-0.43259216919024523,-20.58996024336772
-0.620772156695224,0.48629374752695037,0.6614845829139185,-0.43829896378354977,-20.453775689805862
-0.6141573108660848,0.48191075788911486,0.6669854654683628,-0.4439590392773955,-20.313621737707113
-0.6074874562114012,0.4774711674963409,0.672394199682684,-0.4495724604092584,-20.169483359509705
-0.6007635142145744,0.4729754428922483,0.6777115534875034,-0.45513930792838897,-20.0213477147013
-0.5939863986796994,0.4684240498129644,0.682938322369888,-0.4606596778143896,-19.86920410400212
-0.5871570154560005,0.4638174530348205,0.6880753279739049,-0.46613368055596394,-19.71304392460064
-0.5802762621762615,0.4591561162292609,0.6931234167462286,-0.47156144048377496,-19.552860626397116
-0.5733450280087992,0.45444050182442314,0.6980834586243116,-0.47694309515159017,-19.388649669206128
-0.5663641934225561,0.44967107087290725,0.7029563457647285,-0.4822787947601439,-19.220408480861607
-0.5593346299649088,0.4448482829253058,0.7077429913094127,-0.4875687016184203,-19.048136416164677
-0.5522572000518147,0.43997259590912163,0.7124443281876223,-0.49281298963734166,-18.871834716609698
-0.5451327567699384,0.4350444660127482,0.7170613079515978,-0.4980118438511446,-18.69150647082409
-0.5379621436904225,0.4300643475742368,0.7215948996439978,-0.5031654599620259,-18.507156575655245
-0.5307461946939825,0.42503269297461654,0.7260460886953332,-0.5082740439039486,-18.318791697838623
-0.5234857338070292,0.41994995253557704,0.7304158758497518,-0.5133378114218101,-18.126420236181104
-0.5161815750485317,0.41481657442135894,0.7347052761176608,-0.5183569876624881,-17.930052284195998
-0.508834522287355,0.40963300454473406,0.7389153177538061,-0.523331806774594,-17.729699593130164
-0.501445369109817,0.4043996864769881,0.7430470412595593,-0.528262511514071,-17.525375535324514
-0.49401489869722137,0.3991170613618474,0.7471014984082919,-0.5331493528530815,-17.31709506785253
-0.48654388371313845,0.3937855678333166,0.7510797512928461,-0.5379925895899358,-17.10487469638959
-0.47903308620021,0.3884056419374172,0.7549828713942275,-0.5427924879580996,-16.88873243926292
-0.47148325748626774,0.38297771705783623,0.7588119386707697,-0.547549321232618,-16.66868779164604
-0.46389513809956007,0.3775022238455101,0.7625680406671272,-0.5522633693325576,-16.444761689857277
-0.4562694576928888,0.3719795901521845,0.7662522716425648,-0.5569349184183513,-16.216976475733844
-0.44860693497646315,0.366410240968001,0.769865731718109,-0.561564260483177,-15.985355861054407
-0.44090827765928203,0.36079459836316924,0.773409526042225,-0.5661516929377536,-15.749924891989327
-0.4331741823988598,0.3551330814337917,0.7768847639747679,-0.5706975181881686,-15.510709913564689
-0.42540533475911213,0.34942610625191,0.7802925582890388,-0.5752020432065703,-15.267738534125245
-0.41760240917622177,0.3436740858198443,0.7836340243918545,-0.5796655790947713,-15.02103958979683
-0.4097660689323032,0.3378774300288966,0.7869102795615999,-0.5840884406409924,-14.770643108942743
-0.40189696613668724,0.33203654562248663,0.790122442204298,-0.5884709458701605,-14.516580276621822
-0.39399574171464424,0.326151836163785,0.7932716311277802,-0.5928134155883336,-14.258883399055508
-0.38606302540336646,0.3202237020079017,0.7963589648340896,-0.5971161729219729,-13.997585868116811
-0.3780994357550256,0.31425254027868194,0.7993855608302844,-0.6013795428529184,-13.732722125863177
-0.37010558014672273,0.30823874485015273,0.8023525349578375,-0.6056038517500258,-13.46432762912955
-0.36208205479714434,0.3021827063326525,0.8052610007408569,-0.6097894268985407,-13.192438814214373
-0.35402944478973575,0.2960848120636671,0.8081120687533584,-0.6139365960283454,-12.917093061684113
-0.34594832410220216,0.28994544610338363,0.8109068460058371,-0.6180456868422977,-12.63832866133559
-0.3378392556421438,0.28376498923496063,0.8136464353513762,-0.622117026545908,-12.356184777349826
-0.32970279128863,0.27754381896950153,0.8163319349115297,-0.6261509413796478,-12.070701413685514
-0.3215394719395147,0.27128230955570504,0.818964437522193,-0.6301477561551737,-11.781919379754026
-0.3133498275642928,0.2649808319941533,0.821545030199654,-0.6341077937967553,-11.48988025643319
-0.30513437726229625,0.2586397540561857,0.8240747936269766,-0.6380313748891472,-11.194626362468185
-0.2968936293260265,0.25225944030729425,0.8265548016608336,-0.6419188172331136,-10.89620072132619
-0.28862808130941814,0.2458402521349631,0.8289861208588444,-0.645770435409721,-10.594647028567932
-0.2803382201008297,0.2393825477808659,0.8313698100274104,-0.649586540354425,-10.290009619804978
-0.2720245220005556,0.23288668237732166,0.8337069197899715,-0.653367438941858,-9.982333439321126
-0.2636874528026559,0.2263530079879031,0.835998492175515,-0.6571134335820751,-9.671664009442337
-0.2553274678809007,0.21978187365208235,0.83824556022707,-0.6608248218288345,-9.358047400736252
-0.24694501227863003,0.213173625433794,0.8404491476298175,-0.6645018960003123,-9.041530203149133
-0.23854052080233185,0.20652860647379087,0.8426102683583109,-0.6681449428123891,-8.72215949817324
-0.23011441811874875,0.19984715704566697,0.8447299263421713,-0.6717542430244187,-8.399982832164797
-0.22166711885532703,0.19312961461542277,0.8468091151494648,-0.6753300710970755,-8.07504819092736
-0.21319902770383237,0.18637631390445203,0.8488488176868042,-0.6788726948615766,-7.747403975693986
-0.20471053952696433,0.17958758695583626,0.8508500059150307,-0.6823823751992077,-7.417098980648198
-0.19620203946781403,0.17276376320384418,0.8528136405791293,-0.685859365729702,-7.084182372132425
-0.18767390306202275,0.16590516954654716,0.8547406709508197,-0.6893039125066028,-6.748703669703021
-0.17912649635251454,0.15901213042148113,0.8566320345820276,-0.6927162537172983,-6.4107127292094015
-0.17056017600669426,0.15208496788430814,0.8584886570671889,-0.6960966193849145,-6.070259728068831
-0.16197528943602238,0.145124001690459,0.8603114518120832,-0.699445231068776,-5.7273951529412095
-0.15337217491790156,0.13812954937977123,0.8621013198065991,-0.7027623015595679,-5.382169789998227
-0.14475116171983557,0.13110192636417556,0.8638591493985481,-0.7060480345647986,-5.0346347180034074
-0.13611257022585008,0.12404144601852757,0.8655858160653351,-0.7093026243795653,-4.684841304424892
-0.12745671206519674,0.11694841977473192,0.8672821821799706,-0.7125262555370256,-4.332841204808688
-0.11878389024339703,0.10982315721936166,0.8689490967675914,-0.715719102432375,-3.9786863656518223
-0.11009439927572111,0.10266596619503791,0.8705873952483172,-0.7188813289135018,-3.6224290310100304
-0.10138852532323794,0.09547715290590289,0.8721978991619492,-0.7220130878309041,-3.2641217530933573
-0.09266654633161844,0.08825702202759385,0.873781415869671,-0.7251145205388249,-2.9038174070756266
-0.08392873217292174,0.0810058768222056,0.8753387382276153,-0.728185756339032,-2.541569210374066
-0.07517534479064558,0.07372401925881528,0.8768706442268294,-0.7312269118580953,-2.177430746617707
-0.06640663834837729,0.06641175014023433,0.878377896593899,-0.7342380903485513,-1.8114559945328708
-0.0576228593824383,0.05906936923674882,0.8798612423462238,-0.7372193809039105,-1.4436993619453387
-0.04882424695897607,0.05169717542770971,0.8813214122957146,-0.7401708575771281,-1.0742157250875655
-0.04001103283601892,0.04429546685193843,0.8827591204944957,-0.743092578391897,-0.7030604733625564
-0.031183441631073963,0.03686454106801946,0.8841750636160698,-0.745984584236006,-0.3302895597033604
-0.022341690994913267,0.0294046952256594,0.8855699202653146,-0.748846897625961,0.04404044340069427
-0.013485991792260121,0.02191622624939979,0.8869443502106998,-0.7516795213322583,0.4198722821529681
-0.004616548290153124,0.014399431036077206,0.8882989935321709,-0.7544824368549652,0.7971479539866028
0.004266441645168586,0.006854606667527554,0.8896344696783167,-0.7572556027397742,1.175808634456229
0.013162786341951754,-0.0007179493598701882,0.8909513764267066,-0.7599989527253963,1.5557945986066872
0.02207230010621882,-0.008317938887124152,0.892250288741639,-0.7627123937140516,1.9370451370320996
0.03099480299363521,-0.01594506282426467,0.8935317575240497,-0.7653958035580016,2.3194984668888736
0.03993012056887571,-0.023599020859844687,0.894796308248916,-0.7680490286564176,2.703091638238153
0.04887808365136487,-0.03127951114640886,0.8960444394862518,-0.7706718813585731,3.0877604361664366
0.05783852804622738,-0.038986229959994595,0.8972766213026591,-0.7732641371712554,3.4734392792266715
0.06681129425925397,-0.04671887133170715,0.8984932935414135,-0.7758255317704698,3.860061114855563
0.07579622719466811,-0.054477126649411844,0.8996948639802357,-0.7783557578200008,4.2475573125064345
0.08479317583447046,-0.06226068422761185,0.9008817063671881,-0.780854461602098,4.635857555356459
0.09380199289814234,-0.07006922884363283,0.9020541583365952,-0.783321239468562,5.024889731542864
0.1028225344815083,-0.07790244123831845,0.9032125192084588,-0.7857556341237297,5.414579825986112
0.11185465967359288,-0.08575999757955574,0.9043570476765489,-0.7881571307543104,5.8048518139676135
0.12089823015035837,-0.09364156888709885,0.9054879593921871,-0.7905251530246874,6.195627557713226
0.12995310974428023,-0.10154682041734572,0.9066054244526641,-0.7928590589601029,6.586826707334946
0.13901916398880687,-0.10947541100694676,0.9077095648052624,-0.7951581367440926,6.9783666075616555
0.1480962596368595,-0.11742699237438768,0.908800451579948,-0.7974216004605629,7.3701622117540815
0.15718426415265896,-0.12540120837899332,0.9098781023659258,-0.7996485858149336,7.762126004770527
0.16628304517631823,-0.13339769423714265,0.9109424784494226,-0.8018381458728111,8.15416793628148
0.17539246996081245,-0.14141607569587075,0.911993482032204,-0.8039892468585654,8.5461953661672
0.18451240478113448,-0.14945596816445642,0.9130309534524491,-0.8061007640599659,8.938113023628269
0.19364271431565896,-0.15751697580505608,0.9140546684316302,-0.808171477888541,9.329822981645561
0.20278326099997526,-0.1655986905839415,0.9150643353729903,-0.8102000701485893,9.72122464836606
0.21193390435370515,-0.1737006912854274,0.9160595927389704,-0.8121851205705739,10.112214776954877
0.22109450028109487,-0.18182254249113314,0.9170400065365493,-0.8141251036670469,10.502687495351584
0.23026490034646035,-0.1899637935278036,0.9180050679408129,-0.8160183859710725,10.892534357271431
0.2394449510258685,-0.19812397738751433,0.9189541910881924,-0.8178632237183653,11.281644415647886
0.2486344929367504,-0.20630260962469799,0.9198867110716062,-0.8196577610349052,11.669904319556
0.2578333600474665,-0.21449918723504705,0.920801882170227,-0.8214000286915998,12.057198435461398
0.26704137886916873,-0.22271318752196304,0.921698876346691,-0.8230879434865589,12.443408993434131
0.27625836763263567,-0.23094406695682862,0.9225767820442901,-0.8247193083137024,12.828416258727248
0.28548413545307855,-0.23919126003996566,0.9234346033159772,-0.8262918129736855,13.212098728860672
0.2947184814862383,-0.2474541781697025,0.9242712593158707,-0.8278030357794616,13.59433335607377
0.30396119407939703,-0.2557322085274971,0.9250855841823439,-0.8292504460042199,13.97499579472615
0.3132120499212205,-0.2640247129875393,0.9258763273397362,-0.830631407213941,14.353960672910242
0.32247081319461784,-0.2723310270596787,0.9266421542432058,-0.8319431815203876,14.731101887235456
0.3317372347370499,-0.2806504588748826,0.9273816475882801,-0.8331829347830793,15.106292919422197
0.34101105121293274,-0.2889822882227134,0.928093309003267,-0.8343477427806977,15.479407173024146
0.35029198430296543,-0.2973257656505204,0.9287755612388718,-0.8354345983635133,15.85031832829844
0.35957973991535414,-0.30568011163415554,0.9294267508651919,-0.8364404195889394,16.218900712928225
0.36887400742400606,-0.31404451583004495,0.9300451514817293,-0.8373620588322368,16.58502968602388
0.37817445893882334,-0.3224181364183673,0.9306289674412448,-0.8381963128538858,16.94858203256905
0.3874807486132358,-0.33080009954690615,0.9311763380832361,-0.8389399337943376,17.309436365229473
0.3967925119940681,-0.3391894988848495,0.9316853424675876,-0.8395896410558542,17.66747353024272
0.406109365418744,-0.34758539529540805,0.9321540045936131,-0.8401421340201547,18.022577013934782
0.4154309054646801,-0.3559868166356096,0.9325802990843447,-0.8405941055397319,18.37463334626304
0.42475670845552355,-0.36439275769100693,0.93296215731058,-0.8409422561301292,18.723532497715087
0.43408633002862934,-0.3728021802523082,0.9332974739239939,-0.8411833087804156,19.06916826582488
0.4434193047678693,-0.38121401334011235,0.9335841137635843,-0.8413140242896232,19.411438647585324
0.45275514590550514,-0.3896271535830086,0.933819919094967,-0.8413312170282679,19.75024619407568
0.46209334509645483,-0.3980404657532913,0.9340027171376101,-0.841231771016346,20.085498343726915
0.47143337226783094,-0.40645278346345476,0.9341303278310924,-0.8410126562025564,20.417107730794292
0.48077467554614184,-0.4148629100254803,0.9342005717879341,-0.84067094482405,20.744992465797612
0.4901166812640212,-0.4232696194737208,0.9342112783775426,-0.8402038277218568,21.06907638493807
0.49945879404779664,-0.4316716577509394,0.9341602938834024,-0.8396086304843854,21.389289265769488
0.5088003969866307,-0.44006774405578325,0.934045489673832,-0.8388828292900632,21.705567006735766
0.518140851883369,-0.44845657234868386,0.9338647703254953,-0.8380240663203675,22.017851768528633
0.527479499586624,-0.45683681301188755,0.9336160816383782,-0.8370301646161599,22.326092075611594
0.5368156604030078,-0.46520711465804915,0.9332974184811661,-0.835899142253408,22.63024287664496
0.5461486345878195,-0.47356610608058325,0.932906832406837,-0.8346292257189689,22.930265562988875
0.5554777029118878,-0.48191239833777294,0.9324424389798638,-0.8332188623731368,23.22612794486577
0.5648021273016864,-0.4902445869615043,0.9319024247586111,-0.8316667318929399,23.517804185221134
0.5741211515492726,-0.4985612542804337,0.9312850538793386,-0.8299717565987066,23.805274691725348
0.583434002088066,-0.5068609718464208,0.9305886741915839,-0.8281331105759762,24.088525967795754
0.5927398888299817,-0.5151423029521806,0.9298117228985937,-0.8261502275153589,24.3675504239071
0.6020380060589677,-0.5234038052273341,0.9289527316607986,-0.8240228072042277,24.642346150837643
0.6113275333755758,-0.5316440332993764,0.928010331125037,-0.8217508206160122,24.912916656847223
0.6206076366868262,-0.5398615415055364,0.9269832548472537,-0.8193345135551899,25.179270571089603
0.6298774692352987,-0.5480548866410884,0.9258703425816368,-0.8167744088286208,25.441421315846185
0.6391361726611151,-0.5562226307293746,0.9246705429145581,-0.8140713069265249,25.699386750389053
0.6483828780902607,-0.5643633437986398,0.9233829152271436,-0.8112262852089109,25.953188789476805
0.6576167072425322,-0.5724756066507289,0.9220066309757594,-0.8082406956055218,26.202852999620596
0.6668367735522898,-0.5805580136067842,0.9205409742850688,-0.8051161608491523,26.448408176356306
0.6760421832951404,-0.5886091752152757,0.9189853418535346,-0.801854569273419,26.68988590579678
0.6852320367136758,-0.5966277209080099,0.9173392421762316,-0.7984580682165336,26.92732011373785
0.6944054291354381,-0.6046123015901752,0.9156022940945324,-0.7949290560822662,27.1607466055478
0.7035614520763834,-0.6125615921509978,0.9137742246866045,-0.7912701731179838,27.390202599963708
0.7126991943232495,-0.6204742938821777,0.9118548665166148,-0.7874842909772848,27.61572625980268
0.7218177429884156,-0.6283491367919505,0.9098441542640957,-0.7835745011413303,27.837356222411366
0.7309161845310566,-0.6361848818033637,0.9077421207580029,-0.7795441022783882,28.05513113247846
0.7399936057386366,-0.6439803228261476,0.9055488924425986,-0.7753965866253706,28.26908917960803
0.7490490946630626,-0.6517342886924012,0.9032646843044022,-0.7711356254782555,28.479267642782833
0.7580817415061066,-0.6594456449471838,0.9008897942910413,-0.7667650538802205,28.685702443585267
0.767090639449017,-0.6671132954859861,0.8984245972539456,-0.7622888545971573,28.888427709745013
0.7760748854215564,-0.6747361840319577,0.8958695384474245,-0.7577111414699895,29.08747535028586
0.7850335808060307,-0.6823132954466575,0.8932251266167986,-0.7530361422319528,29.28287464324721
0.7939658320721987,-0.6898436568689771,0.8904919267079354,-0.7482681808768028,29.474651836649898
0.8028707513392781,-0.6973263386777451,0.8876705522297813,-0.7434116596608507,29.662829763080723
0.8117474568615759,-0.7047604552743536,0.8847616573003403,-0.7384710408178857,29.8474274679863
0.8205950734345793,-0.7121451656825325,0.8817659284050402,-0.7334508280615322,30.028459851494333
0.8294127327186297,-0.7194796739631478,0.8786840758946088,-0.7283555479444878,30.205937323329497
0.8381995734775758,-0.7267632294425928,0.8755168252474841,-0.7231897311385276,30.37986547014895
0.8469547417300506,-0.733995126753978,0.872264908119445,-0.7179578936931892,30.5502447344217
0.855677390811245,-0.7411747056909099,0.8689290532006344,-0.7126645183248348,30.717070103787783
0.8643666813432513,-0.7483013508741583,0.8655099768974814,-0.7073140357813728,30.880330809674707
0.8730217811122262,-0.755374491231972,0.8620083738542665,-0.701910806321421,31.04001003382042
0.8816418648507688,-0.7623935992951862,0.8584249073262529,-0.6964591013401944,31.19608462126279
0.8902261139240313,-0.7693581903085882,0.8547601994134852,-0.6909630851679992,31.348524798271654
0.8987737159181661,-0.7762678211602682,0.8510148211615441,-0.6854267970609473,31.49729389367977
0.9072838641297816,-0.7831220891308777,0.8471892825328139,-0.6798541333974969,31.642348062051852
0.9157557569551097,-0.7899206304648526,0.8432840222491871,-0.6742488300886892,31.783636007163313
0.9241885971776016,-0.7966631187657395,0.839299397504634,-0.6686144452045766,31.921098704306686
0.9325815911526479,-0.8033492632177852,0.8352356735437333,-0.6629543418143429,32.05466912003539
0.9409339478880853,-0.8099788066359287,0.8310930131001342,-0.657271671033071,32.18427192805975
0.9492448780190866,-0.8165515233462594,0.8268714656870093,-0.6515693552640238,32.30982322015007
0.9575135926759567,-0.8230672168988996,0.8225709567298987,-0.6458500716217092,32.43123021106682
0.9657393022432557,-0.8295257176151167,0.8181912765309527,-0.6401162355179218,32.54839093672064
0.9739212150085652,-0.8359268799702959,0.8137320690524746,-0.6343699843903879,32.6611939449792
0.98205853569909,-0.8422705798141998,0.8091928205068607,-0.6286131615516095,32.769517978767155
0.9901504639041586,-0.8485567114297159,0.8045728477395495,-0.6228473001340067,32.87323165135432
0.9981961923815541,-0.854785184431056,0.7998712863914333,-0.6170736071064763,32.97219311399927
1.0061949052454684,-0.8609559205021208,0.7950870788273663,-0.6112929473370294,33.06624971639872
1.014145776033742,-0.867068849975491,0.7902189618179329,-0.6055058276762183,33.15523766069518
1.0220479656519212,-0.8731239082522533,0.7852654539625243,-0.5997123810365949,33.238981650111164
1.0299006201915464,-0.8791210320626193,0.7802248428430135,-0.5939123504444518,33.31729453360544
1.0377028686199765,-0.8850601555670637,0.7750951718989291,-0.5881050730415428,33.38997694829012
1.0454538203389658,-0.8909412062974792,0.7698742270170086,-0.5822894640163571,33.456816961694635
1.0531525626091358,-0.8967641009376428,0.7645595228303581,-0.5764640004467863,33.51758971632879
1.0607981578374395,-0.9025287409421107,0.7591482887251717,-0.5706267050386621,33.572057079365486
1.0683896407246911,-0.9082350079924972,0.7536374545560655,-0.5647751297476146,33.61996730064072
1.0759260152702517,-0.9138827592899734,0.7480236360745524,-0.5589063392749773,33.661054682562266
1.0834062516309972,-0.9194718226827232,0.7423031200790491,-0.5530168944320305,33.6950392659026
1.0908292828317878,-0.9250019916270436,0.7364718492990313,-0.5471028353706586,33.72162653586086
1.0981940013247782,-0.9304730199807502,0.7305254070305752,-0.5411596646825197,33.74050715318004
1.105499255395084,-0.9358846166275754,0.7244590015455188,-0.5351823303730061,33.75135671551797
1.1127438454105392,-0.9412364399313055,0.7182674503018522,-0.5291652087206126,33.75383555468845
1.1199265199135577,-0.9465280920185116,0.7119451639887123,-0.5231020870367811,33.74758857580901
1.1270459715534449,-0.9517591128888795,0.7054861304454993,-0.5169861463458262,33.732245144819
1.1341008328578999,-0.9569289743523377,0.6988838985011718,-0.5108099440091457,33.707419031256535
1.1410896718429115,-0.9620370737924292,0.6921315617866919,-0.5045653963225419,33.67270841362089
1.1480109874607785,-0.9670827277556546,0.6852217425809101,-0.49824376112011987,33.627695955077826
1.1548632048865874,-0.9720651653668558,0.6781465757578838,-0.4918356204228472,33.571948957704905
1.1616446706441663,-0.9769835215710843,0.6708976929117245,-0.4853308631744558,33.505019603914306
1.1683536475732836,-0.9818368302028289,0.6634662067435747,-0.47871866811191593,33.426445294132535
1.1749883096407194,-0.986624016883948,0.6558426958042237,-0.47198748682222036,33.335749090259206
1.1815467365987617,-0.9913438917521702,0.6480171896951878,-0.46512502704167447,33.23244027487396
1.1880269084957136,-0.995995142022587,0.6399791548408159,-0.45811823625831327,33.11601503660493
1.1944267000441218,-1.0005763243851702,0.6317174809541359,-0.4509532856824714,32.98595729252143
1.2007438748536632,-1.005085857241995,0.6232204683297422,-0.44361555465495295,32.84173965885946
1.2069760795369606,-1.0095220127885445,0.6144758161080448,-0.43608961556672265,32.682824581839746
1.2131208376980411,-1.0138829089442116,0.6054706116666695,-0.42835921936863314,32.50866564078825
1.2191755438147078,-1.018166501137898,0.5961913213067216,-0.42040728175448616,32.31870903622014
1.225137457027775,-1.0223705739554427,0.5866237824140189,-0.4122158701057977,32.11239527600466
1.2310036948519152,-1.0264927326565008,0.5767531972882751,-0.40376619129211755,31.889161073185072
1.236771226824798,-1.030530394569422,0.5665641288465858,-0.395038580426788,31.64844146949106
1.2424368681132638,-1.03448078037369,0.5560404984214584,-0.3860124906847894,31.389672199049024
1.2479972730974784,-1.038340905280538,0.5451655858880494,-0.3766664842970203,31.11229230727563
1.2534489289563588,-1.042107570123508,0.5339220323702568,-0.36697822484425047,30.815747040425155
1.2587881492800614,-1.0457773523719507,0.5222918457908866,-0.35692447098433955,30.4994910217684
1.2640110677379703,-1.0493465970817941,0.5102564095473036,-0.34648107175849213,30.162991730902075
1.2691136318334433,-1.052811407799379,0.4977964946108297,-0.3356229636366922,29.805733303234195
1.2740915967795516,-1.056167637435746,0.4848922753657118,-0.32432416947948844,29.427220667270237
1.2789405195332089,-1.059410879130541,0.4715233495218018,-0.3125577996135029,29.02698403793934
1.283655753028427,-1.062536457126676,0.457668762454245,-0.3002960552419983,28.604583784862292
1.2882324406529695,-1.065539417679096,0.4433070363435332,-0.2875102344402455,28.159615695184375
1.292665511016405,-1.0684145200234985,0.4284162045103551,-0.2741707410190461,27.691716651385335
1.2969496730615084,-1.071156227433689,0.41297385136187714,-0.2602470965794705,27.20057074535256
1.3010794115751272,-1.0737586983994838,0.39695715838956797,-0.245707956128642,26.68591585098085
1.3050489831590228,-1.0762157779607702,0.3803429566836132,-0.2305211276813753,26.147550678657606
1.308852412725859,-1.078520989237584,0.36310778645556896,-0.2146535963369096,25.585342336232273
1.3124834905904146,-1.080667525200953,0.3452279640894397,-0.19807155339529975,24.99923442247947
1.315935770231309,-1.082648240734906,0.3266796572721574,-0.18074043116585325,24.389255680673347
1.3192025668040306,-1.0844556450465646,0.30743896878787424,-0.16262494422213247,23.755529241734322
1.3222769564919092,-1.0860818944887858,0.2874820295970321,-0.14368913797652885,23.098282488521537
1.3251517767878795,-1.087518785868551,0.26678510186141097,-0.12389644558454199,22.417857575276958
1.3278196278064938,-1.0887577503243966,0.2453246926209736,-0.10320975434725436,21.71472263901857
1.3302728747327035,-1.0897898478678691,0.22307767887814403,-0.0815914829629673,20.98948374289363
1.332503651521485,-1.0906057626974988,0.2000214449011781,-0.059003671188821626,20.24289759519398
1.3345038659704969,-1.091195799409387,0.1761340326216913,-0.035408083714116856,19.475885091971087
1.3362652062967137,-1.0915498802465282,0.15139430607362012,-0.010766330323067813,18.689545736040664
1.33777914935745,-1.0916575435497589,0.12578213090358248,0.014959995259506472,17.885172990711006
1.3390369706664857,-1.0915079435971637,0.09927857007775368,0.04180915508544052,17.06427063288817
1.3400297563672632,-1.0910898520463093,0.07186609702031314,0.06981908209805826,16.228570177384892
1.3407484173374664,-1.0903916612253286,0.0435288275459669,0.0990271670109491,15.380049452376674
1.341183705612926,-1.089401389555219,0.014252772097173998,0.1294700127846354,14.520952415082869
1.3413262333338978,-1.0881066894273728,-0.0159738900308405,0.16118315193065544,13.653810306979128
1.3411664944335893,-1.0864948579080662,-0.047160512593226164,0.19420072118747286,12.781464259227086
1.340694889307657,-1.0845528506961915,-0.0793136583084681,0.22855508733734853,11.90708947157028
1.3399017527245722,-1.082267299822818,-0.11243674638988839,0.26427641705761157,11.03422110169525
1.3387773852606732,-1.0796245356522418,-0.14652966898679373,0.3013921827126677,10.166782016940987
1.3373120885708054,-1.076610613825115,-0.18158837345750173,0.33992659488303234,9.309112576140011
1.3354962048362304,-1.0732113478762848,-0.2176044069692259,0.37989995118280667,8.466002626076186
1.3333201607665381,-1.0694123483644566,-0.2545644194266353,0.4213278895255243,7.6427259142072606
1.3307745165722717,-1.0651990694692015,-0.29244962016410814,0.46422053244905537,6.845077136417615
1.3278500203706307,-1.060556864144711,-0.33123518318867673,0.5085815073936678,6.079411854915039
1.324537668538744,-1.0554710490707744,-0.37088959502445096,0.554406825936592,5.352689535964908
1.3208287725884995,-1.0499269808114085,-0.411373938379266,0.601683602919174,4.672519968612603
1.3167150332047068,-1.0439101447822168,-0.45264110392708373,0.6503885941634473,0.0
